Kecamatan,Tanggal,Curah Hujan,Debit Air,Muka Air,Tinggi Banjir,Banjir Ya/Tidak
Dayeuhkolot,2020-01-01,48.0,90.75,5.16,-,0
Dayeuhkolot,2020-01-02,0.0,70.82,4.52,-,0
Dayeuhkolot,2020-01-03,-,60.22,4.13,-,0
Dayeuhkolot,2020-01-04,0.0,55.49,3.94,-,0
Dayeuhkolot,2020-01-05,0.0,53.03,3.84,-,0
Dayeuhkolot,2020-01-06,-,51.92,3.8,-,0
Dayeuhkolot,2020-01-07,5.0,52.5,3.82,-,0
Dayeuhkolot,2020-01-08,0.0,54.67,3.91,-,0
Dayeuhkolot,2020-01-09,10.0,63.35,4.25,-,0
Dayeuhkolot,2020-01-10,4.5,59.76,4.11,-,0
Dayeuhkolot,2020-01-11,5.5,66.33,4.36,-,0
Dayeuhkolot,2020-01-12,4.0,62.16,4.2,-,0
Dayeuhkolot,2020-01-13,-,55.77,3.95,-,0
Dayeuhkolot,2020-01-14,-,51.25,3.76,-,0
Dayeuhkolot,2020-01-15,-,49.91,3.7,-,0
Dayeuhkolot,2020-01-16,-,48.59,3.64,-,0
Dayeuhkolot,2020-01-17,68.0,50.26,3.71,-,0
Dayeuhkolot,2020-01-18,3.0,66.93,4.37,-,0
Dayeuhkolot,2020-01-19,1.0,93.17,5.24,-,0
Dayeuhkolot,2020-01-20,-,101.88,5.49,-,0
Dayeuhkolot,2020-01-21,-,100.01,5.43,-,0
Dayeuhkolot,2020-01-22,-,88.99,5.08,-,0
Dayeuhkolot,2020-01-23,52.5,110.27,5.74,-,0
Dayeuhkolot,2020-01-24,52.0,140.18,6.49,-,0
Dayeuhkolot,2020-01-25,24.0,160.29,6.94,-,0
Dayeuhkolot,2020-01-26,-,169.74,07.09,-,0
Dayeuhkolot,2020-01-27,-,119.6,5.94,-,0
Dayeuhkolot,2020-01-28,3.0,135.74,6.43,-,0
Dayeuhkolot,2020-01-29,29.0,103.51,5.62,-,0
Dayeuhkolot,2020-01-30,17.5,88.61,5.21,-,0
Dayeuhkolot,2020-01-31,-,81.77,4.98,-,0
Dayeuhkolot,2020-02-01,-,62.32,4.35,-,0
Dayeuhkolot,2020-02-02,-,61.3,4.33,-,0
Dayeuhkolot,2020-02-03,-,56.26,4.14,-,0
Dayeuhkolot,2020-02-04,0.0,70.31,4.7,-,0
Dayeuhkolot,2020-02-05,49.0,91.39,5.39,-,0
Dayeuhkolot,2020-02-06,33.0,103.92,5.75,-,0
Dayeuhkolot,2020-02-07,18.0,114.68,6.08,-,1
Dayeuhkolot,2020-02-08,-,105.74,5.81,-,0
Dayeuhkolot,2020-02-09,-,93.99,5.53,-,0
Dayeuhkolot,2020-02-10,-,95.04,5.56,-,0
Dayeuhkolot,2020-02-11,3.5,86.61,5.32,-,0
Dayeuhkolot,2020-02-12,-,69.86,4.76,-,0
Dayeuhkolot,2020-02-13,5.5,73.93,4.92,-,0
Dayeuhkolot,2020-02-14,7.0,78.73,5.13,-,0
Dayeuhkolot,2020-02-15,2.0,80.85,5.2,-,1
Dayeuhkolot,2020-02-16,33.5,119.28,6.32,-,0
Dayeuhkolot,2020-02-17,12.0,123.71,6.43,-,0
Dayeuhkolot,2020-02-18,48.0,119.76,6.35,-,0
Dayeuhkolot,2020-02-19,11.0,118.85,6.34,-,0
Dayeuhkolot,2020-02-20,1.0,89.19,5.5,-,0
Dayeuhkolot,2020-02-21,1.5,76.47,5.13,-,0
Dayeuhkolot,2020-02-22,0.0,75.58,5.12,-,0
Dayeuhkolot,2020-02-23,-,62.32,4.64,-,0
Dayeuhkolot,2020-02-24,0.0,60.38,4.61,-,0
Dayeuhkolot,2020-02-25,3.0,76.19,5.2,-,0
Dayeuhkolot,2020-02-26,-,61.84,4.68,-,0
Dayeuhkolot,2020-02-27,3.0,65.38,4.84,-,0
Dayeuhkolot,2020-02-28,7.5,77.52,5.28,-,0
Dayeuhkolot,2020-02-29,7.5,86.89,5.6,-,0
Dayeuhkolot,2020-03-01,1.5,88.02,5.64,-,0
Dayeuhkolot,2020-03-02,0.0,81.72,5.44,-,0
Dayeuhkolot,2020-03-03,-,73.35,5.19,-,0
Dayeuhkolot,2020-03-04,-,78.73,5.39,-,0
Dayeuhkolot,2020-03-05,17.5,80.03,5.43,-,0
Dayeuhkolot,2020-03-06,0.0,72.34,5.2,-,0
Dayeuhkolot,2020-03-07,9.0,73.69,5.26,-,0
Dayeuhkolot,2020-03-08,-,66.25,5.01,-,0
Dayeuhkolot,2020-03-09,0.0,61.08,4.82,-,0
Dayeuhkolot,2020-03-10,-,57.37,4.69,-,0
Dayeuhkolot,2020-03-11,-,54.65,4.59,-,0
Dayeuhkolot,2020-03-12,-,52.24,4.5,-,0
Dayeuhkolot,2020-03-13,0.0,52.94,4.55,-,0
Dayeuhkolot,2020-03-14,-,55.61,4.67,-,0
Dayeuhkolot,2020-03-15,26.0,68.63,5.19,-,0
Dayeuhkolot,2020-03-16,8.0,89.66,5.91,-,1
Dayeuhkolot,2020-03-17,27.0,69.52,5.22,-,0
Dayeuhkolot,2020-03-18,-,56.54,4.77,-,0
Dayeuhkolot,2020-03-19,18.0,60.78,4.95,-,1
Dayeuhkolot,2020-03-20,85.0,76.77,5.54,-,0
Dayeuhkolot,2020-03-21,-,130.28,7.06,-,0
Dayeuhkolot,2020-03-22,0.0,72.77,5.41,-,0
Dayeuhkolot,2020-03-23,-,60.35,4.99,-,0
Dayeuhkolot,2020-03-24,4.0,57.33,4.88,-,0
Dayeuhkolot,2020-03-25,1.0,55.76,4.84,-,0
Dayeuhkolot,2020-03-26,-,60.01,5.02,-,0
Dayeuhkolot,2020-03-27,8.0,82.22,5.81,-,0
Dayeuhkolot,2020-03-28,4.5,73.2,5.5,-,0
Dayeuhkolot,2020-03-29,4.5,65.85,5.29,-,0
Dayeuhkolot,2020-03-30,23.0,95.8,6.29,-,0
Dayeuhkolot,2020-03-31,-,148.54,7.64,-,0
Dayeuhkolot,2020-04-01,-,149.24,7.64,-,0
Dayeuhkolot,2020-04-02,-,121.48,6.99,-,0
Dayeuhkolot,2020-04-03,-,101.34,6.48,-,0
Dayeuhkolot,2020-04-04,-,90.9,6.2,-,0
Dayeuhkolot,2020-04-05,-,134.03,7.38,-,0
Dayeuhkolot,2020-04-06,-,124.54,7.13,-,0
Dayeuhkolot,2020-04-07,0.0,111.01,6.81,-,0
Dayeuhkolot,2020-04-08,-,113.41,6.89,-,0
Dayeuhkolot,2020-04-09,-,108.7,6.77,-,0
Dayeuhkolot,2020-04-10,-,97.5,6.47,-,0
Dayeuhkolot,2020-04-11,0.0,84.8,6.1,-,0
Dayeuhkolot,2020-04-12,0.0,66.4,5.49,-,0
Dayeuhkolot,2020-04-13,-,67.39,5.56,-,0
Dayeuhkolot,2020-04-14,-,62.92,5.4,-,0
Dayeuhkolot,2020-04-15,-,56.94,5.18,-,0
Dayeuhkolot,2020-04-16,12.0,62.27,5.41,-,0
Dayeuhkolot,2020-04-17,-,53.22,5.03,-,0
Dayeuhkolot,2020-04-18,27.0,75.87,5.93,-,0
Dayeuhkolot,2020-04-19,2.0,53.98,5.06,-,0
Dayeuhkolot,2020-04-20,2.0,50.8,5,-,0
Dayeuhkolot,2020-04-21,19.0,63.4,5.52,-,0
Dayeuhkolot,2020-04-22,15.5,58.74,5.31,-,0
Dayeuhkolot,2020-04-23,-,50.69,5.04,-,0
Dayeuhkolot,2020-04-24,-,42.49,4.66,-,0
Dayeuhkolot,2020-04-25,-,44.86,4.79,-,0
Dayeuhkolot,2020-04-26,-,36.72,4.4,-,0
Dayeuhkolot,2020-04-27,-,37.2,4.44,-,0
Dayeuhkolot,2020-04-28,12.0,55.45,5.31,-,0
Dayeuhkolot,2020-04-29,3.5,50.67,5.1,-,0
Dayeuhkolot,2020-04-30,41.0,76.85,6.14,-,0
Dayeuhkolot,2020-05-01,81.5,63.37,5.64,-,1
Dayeuhkolot,2020-05-02,62.5,96.89,6.78,-,0
Dayeuhkolot,2020-05-03,-,57.74,5.42,-,0
Dayeuhkolot,2020-05-04,24.0,55.51,5.39,-,0
Dayeuhkolot,2020-05-05,0.0,50.8,5.2,-,0
Dayeuhkolot,2020-05-06,11.5,42.19,4.81,-,0
Dayeuhkolot,2020-05-07,-,39.71,4.7,-,0
Dayeuhkolot,2020-05-08,-,33.05,4.36,-,0
Dayeuhkolot,2020-05-09,16.0,31.43,4.28,-,0
Dayeuhkolot,2020-05-10,-,32.98,4.38,-,0
Dayeuhkolot,2020-05-11,62.5,49.67,5.24,-,0
Dayeuhkolot,2020-05-12,0.0,47.68,5.17,-,0
Dayeuhkolot,2020-05-13,3.0,42.91,4.93,-,0
Dayeuhkolot,2020-05-14,-,31.63,4.36,-,0
Dayeuhkolot,2020-05-15,-,27.92,4.15,-,0
Dayeuhkolot,2020-05-16,-,26.4,4.06,-,0
Dayeuhkolot,2020-05-17,-,27.97,4.18,-,0
Dayeuhkolot,2020-05-18,16.5,31.97,4.43,-,0
Dayeuhkolot,2020-05-19,10.5,48.38,5.3,-,0
Dayeuhkolot,2020-05-20,3.5,45.63,5.16,-,0
Dayeuhkolot,2020-05-21,16.5,40.33,4.92,-,0
Dayeuhkolot,2020-05-22,-,31.58,4.47,-,0
Dayeuhkolot,2020-05-23,-,27.67,4.24,-,0
Dayeuhkolot,2020-05-24,-,26.93,4.21,-,0
Dayeuhkolot,2020-05-25,-,39.25,4.95,-,0
Dayeuhkolot,2020-05-26,-,37.1,4.84,-,0
Dayeuhkolot,2020-05-27,-,36.32,4.81,-,0
Dayeuhkolot,2020-05-28,0.0,37.65,4.9,-,0
Dayeuhkolot,2020-05-29,-,36.56,4.82,-,0
Dayeuhkolot,2020-05-30,81.5,42.39,5.15,-,0
Dayeuhkolot,2020-05-31,-,42.9,5.21,-,0
Dayeuhkolot,2020-06-01,-,45.07,5.32,-,0
Dayeuhkolot,2020-06-02,-,33.58,4.73,-,0
Dayeuhkolot,2020-06-03,-,26.83,4.34,-,0
Dayeuhkolot,2020-06-04,-,24.88,4.23,-,0
Dayeuhkolot,2020-06-05,-,22.38,4.06,-,0
Dayeuhkolot,2020-06-06,10.5,25.27,4.29,-,0
Dayeuhkolot,2020-06-07,-,22.58,4.1,-,0
Dayeuhkolot,2020-06-08,-,21.98,4.08,-,0
Dayeuhkolot,2020-06-09,2.0,25.18,4.31,-,0
Dayeuhkolot,2020-06-10,-,28,4.52,-,0
Dayeuhkolot,2020-06-11,39.5,26.48,4.39,-,0
Dayeuhkolot,2020-06-12,-,25.35,4.33,-,0
Dayeuhkolot,2020-06-13,-,20.18,3.94,-,0
Dayeuhkolot,2020-06-14,-,17.78,3.77,-,0
Dayeuhkolot,2020-06-15,-,17.53,3.75,-,0
Dayeuhkolot,2020-06-16,-,16.55,3.67,-,0
Dayeuhkolot,2020-06-17,-,16.59,3.67,-,0
Dayeuhkolot,2020-06-18,-,15.77,3.6,-,0
Dayeuhkolot,2020-06-19,0.0,16.96,3.71,-,0
Dayeuhkolot,2020-06-20,-,18.3,3.83,-,0
Dayeuhkolot,2020-06-21,-,16.66,3.69,-,0
Dayeuhkolot,2020-06-22,0.0,17.03,3.73,-,0
Dayeuhkolot,2020-06-23,3.0,19.58,3.95,-,0
Dayeuhkolot,2020-06-24,-,17.62,3.78,-,0
Dayeuhkolot,2020-06-25,-,16.3,3.67,-,0
Dayeuhkolot,2020-06-26,-,15.58,3.61,-,0
Dayeuhkolot,2020-06-27,-,14.85,3.53,-,0
Dayeuhkolot,2020-06-28,-,14.75,3.53,-,0
Dayeuhkolot,2020-06-29,-,14.55,3.51,-,0
Dayeuhkolot,2020-06-30,-,13.37,3.4,-,0
Dayeuhkolot,2020-07-01,-,13.27,3.39,-,0
Dayeuhkolot,2020-07-02,-,13.72,3.44,-,0
Dayeuhkolot,2020-07-03,3.0,18.32,3.87,-,0
Dayeuhkolot,2020-07-04,-,15.47,3.61,-,0
Dayeuhkolot,2020-07-05,-,13.35,3.4,-,0
Dayeuhkolot,2020-07-06,-,13.62,3.44,-,0
Dayeuhkolot,2020-07-07,3.0,14.46,3.53,-,0
Dayeuhkolot,2020-07-08,-,13.56,3.44,-,0
Dayeuhkolot,2020-07-09,-,13.15,3.4,-,0
Dayeuhkolot,2020-07-10,-,13.15,3.4,-,0
Dayeuhkolot,2020-07-11,-,13.04,3.39,-,0
Dayeuhkolot,2020-07-12,-,12.14,3.3,-,0
Dayeuhkolot,2020-07-13,-,11.98,3.28,-,0
Dayeuhkolot,2020-07-14,-,11.82,3.27,-,0
Dayeuhkolot,2020-07-15,0.0,11.62,3.25,-,0
Dayeuhkolot,2020-07-16,-,11.78,3.27,-,0
Dayeuhkolot,2020-07-17,-,11.91,3.29,-,0
Dayeuhkolot,2020-07-18,-,11.56,3.25,-,0
Dayeuhkolot,2020-07-19,-,11.36,3.23,-,0
Dayeuhkolot,2020-07-20,28.5,12.24,3.33,-,0
Dayeuhkolot,2020-07-21,-,11.68,3.27,-,0
Dayeuhkolot,2020-07-22,-,13.16,3.43,-,0
Dayeuhkolot,2020-07-23,-,12.03,3.31,-,0
Dayeuhkolot,2020-07-24,-,11.65,3.28,-,0
Dayeuhkolot,2020-07-25,-,11.21,3.23,-,0
Dayeuhkolot,2020-07-26,-,12.77,3.39,-,0
Dayeuhkolot,2020-07-27,-,18.33,3.8,-,0
Dayeuhkolot,2020-07-28,-,10.54,3.16,-,0
Dayeuhkolot,2020-07-29,-,9.97,3.09,-,0
Dayeuhkolot,2020-07-30,-,10.09,3.11,-,0
Dayeuhkolot,2020-07-31,-,10.05,3.11,-,0
Dayeuhkolot,2020-08-01,-,9.91,3.09,-,0
Dayeuhkolot,2020-08-02,-,9.91,3.1,-,0
Dayeuhkolot,2020-08-03,-,10,3.11,-,0
Dayeuhkolot,2020-08-04,-,10.13,3.13,-,0
Dayeuhkolot,2020-08-05,5.0,12.63,3.4,-,0
Dayeuhkolot,2020-08-06,7.5,11.78,3.31,-,0
Dayeuhkolot,2020-08-07,-,11.02,3.24,-,0
Dayeuhkolot,2020-08-08,-,12.5,3.41,-,0
Dayeuhkolot,2020-08-09,-,10.88,3.23,-,0
Dayeuhkolot,2020-08-10,7.5,10.61,3.2,-,0
Dayeuhkolot,2020-08-11,-,10.25,3.16,-,0
Dayeuhkolot,2020-08-12,1.0,10.69,3.22,-,0
Dayeuhkolot,2020-08-13,-,11.87,3.36,-,0
Dayeuhkolot,2020-08-14,1.5,13.53,3.53,-,0
Dayeuhkolot,2020-08-15,6.5,13.33,3.51,-,0
Dayeuhkolot,2020-08-16,3.5,12.5,3.43,-,0
Dayeuhkolot,2020-08-17,-,11.48,3.32,-,0
Dayeuhkolot,2020-08-18,-,10.77,3.24,-,0
Dayeuhkolot,2020-08-19,-,10.25,3.18,-,0
Dayeuhkolot,2020-08-20,-,10.05,3.16,-,0
Dayeuhkolot,2020-08-21,-,9.54,3.1,-,0
Dayeuhkolot,2020-08-22,-,9.38,3.08,-,0
Dayeuhkolot,2020-08-23,-,9.2,3.06,-,0
Dayeuhkolot,2020-08-24,-,9.29,3.07,-,0
Dayeuhkolot,2020-08-25,-,9.33,3.08,-,0
Dayeuhkolot,2020-08-26,-,8.73,3,-,0
Dayeuhkolot,2020-08-27,-,08.01,2.9,-,0
Dayeuhkolot,2020-08-28,-,7.87,2.89,-,0
Dayeuhkolot,2020-08-29,-,7.66,2.86,-,0
Dayeuhkolot,2020-08-30,-,7.55,2.85,-,0
Dayeuhkolot,2020-08-31,-,7.74,2.88,-,0
Dayeuhkolot,2020-09-01,-,7.41,2.83,-,0
Dayeuhkolot,2020-09-02,-,10.29,3.2,-,0
Dayeuhkolot,2020-09-03,-,11.2,3.31,-,0
Dayeuhkolot,2020-09-04,-,8.5,2.97,-,0
Dayeuhkolot,2020-09-05,-,7.71,2.89,-,0
Dayeuhkolot,2020-09-06,-,7.49,2.85,-,0
Dayeuhkolot,2020-09-07,-,7.33,2.83,-,0
Dayeuhkolot,2020-09-08,-,7.3,2.83,-,0
Dayeuhkolot,2020-09-09,-,7.41,2.85,-,0
Dayeuhkolot,2020-09-10,-,7.3,2.84,-,0
Dayeuhkolot,2020-09-11,-,7.25,2.83,-,0
Dayeuhkolot,2020-09-12,-,7.1,2.81,-,0
Dayeuhkolot,2020-09-13,-,6.99,2.8,-,0
Dayeuhkolot,2020-09-14,-,7.42,2.87,-,0
Dayeuhkolot,2020-09-15,0.0,7.37,2.86,-,0
Dayeuhkolot,2020-09-16,8.0,7.6,2.9,-,0
Dayeuhkolot,2020-09-17,0.0,7.35,2.86,-,0
Dayeuhkolot,2020-09-18,1.0,7.36,2.87,-,0
Dayeuhkolot,2020-09-19,-,7.2,2.85,-,0
Dayeuhkolot,2020-09-20,0.0,7.24,2.86,-,0
Dayeuhkolot,2020-09-21,0.0,7.77,2.94,-,0
Dayeuhkolot,2020-09-22,3.5,9.32,3.15,-,0
Dayeuhkolot,2020-09-23,0.0,19.95,4.22,-,0
Dayeuhkolot,2020-09-24,-,9.4,3.14,-,0
Dayeuhkolot,2020-09-25,-,8.1,2.99,-,0
Dayeuhkolot,2020-09-26,-,7.62,2.93,-,0
Dayeuhkolot,2020-09-27,-,7.6,2.93,-,0
Dayeuhkolot,2020-09-28,-,8.13,03.01,-,0
Dayeuhkolot,2020-09-29,-,7.43,2.91,-,0
Dayeuhkolot,2020-09-30,-,7.15,2.87,-,0
Dayeuhkolot,2020-10-01,-,7.19,2.88,-,0
Dayeuhkolot,2020-10-02,-,07.02,2.85,-,0
Dayeuhkolot,2020-10-03,0.0,7.72,2.96,-,0
Dayeuhkolot,2020-10-04,4.0,8.81,3.12,-,0
Dayeuhkolot,2020-10-05,-,7.93,3,-,0
Dayeuhkolot,2020-10-06,3.0,08.07,3.02,-,0
Dayeuhkolot,2020-10-07,-,7.72,2.97,-,0
Dayeuhkolot,2020-10-08,-,7.91,3,-,0
Dayeuhkolot,2020-10-09,9.5,8.7,3.12,-,0
Dayeuhkolot,2020-10-10,5.0,9.37,3.2,-,0
Dayeuhkolot,2020-10-11,-,8.56,3.1,-,0
Dayeuhkolot,2020-10-12,1.5,7.7,2.98,-,0
Dayeuhkolot,2020-10-13,-,7.84,3.01,-,0
Dayeuhkolot,2020-10-14,-,7.55,2.96,-,0
Dayeuhkolot,2020-10-15,-,7.29,2.93,-,0
Dayeuhkolot,2020-10-16,-,8.87,3.15,-,0
Dayeuhkolot,2020-10-17,21.5,10.7,3.38,-,0
Dayeuhkolot,2020-10-18,-,10.17,3.32,-,0
Dayeuhkolot,2020-10-19,-,8.85,3.15,-,0
Dayeuhkolot,2020-10-20,2.5,10.94,3.41,-,0
Dayeuhkolot,2020-10-21,7.5,26.4,4.75,-,0
Dayeuhkolot,2020-10-22,12.5,20.25,4.31,-,0
Dayeuhkolot,2020-10-23,9.5,21.93,4.44,-,0
Dayeuhkolot,2020-10-24,-,19.17,4.22,-,0
Dayeuhkolot,2020-10-25,32.5,29.3,4.94,-,0
Dayeuhkolot,2020-10-26,14.5,34.78,5.29,-,0
Dayeuhkolot,2020-10-27,2.5,28.02,4.85,-,0
Dayeuhkolot,2020-10-28,11.0,29.6,4.91,-,0
Dayeuhkolot,2020-10-29,24.5,23.36,4.57,-,0
Dayeuhkolot,2020-10-30,0.0,17.06,4.05,-,0
Dayeuhkolot,2020-10-31,0.0,14.98,3.87,-,0
Dayeuhkolot,2020-11-01,10.5,23.82,4.62,-,0
Dayeuhkolot,2020-11-02,1.0,19.51,4.27,-,0
Dayeuhkolot,2020-11-03,-,14.61,3.85,-,0
Dayeuhkolot,2020-11-04,-,12.57,3.64,-,0
Dayeuhkolot,2020-11-05,0.0,10.79,3.45,-,0
Dayeuhkolot,2020-11-06,0.0,10.89,3.47,-,0
Dayeuhkolot,2020-11-07,-,9.79,3.33,-,0
Dayeuhkolot,2020-11-08,0.0,9.32,3.28,-,0
Dayeuhkolot,2020-11-09,-,9.5,3.3,-,0
Dayeuhkolot,2020-11-10,-,9.18,3.26,-,0
Dayeuhkolot,2020-11-11,13.0,9.39,3.29,-,0
Dayeuhkolot,2020-11-12,5.0,9.3,3.25,-,0
Dayeuhkolot,2020-11-13,-,8.68,3.2,-,0
Dayeuhkolot,2020-11-14,-,8.89,3.23,-,0
Dayeuhkolot,2020-11-15,30.5,10.81,3.47,-,0
Dayeuhkolot,2020-11-16,-,8.97,3.23,-,0
Dayeuhkolot,2020-11-17,-,8.91,3.23,-,0
Dayeuhkolot,2020-11-18,-,8.11,3.11,-,0
Dayeuhkolot,2020-11-19,0.0,8.39,3.16,-,0
Dayeuhkolot,2020-11-20,-,8.76,3.2,-,0
Dayeuhkolot,2020-11-21,10.5,16.14,4.03,-,0
Dayeuhkolot,2020-11-22,24.5,14.3,3.83,-,0
Dayeuhkolot,2020-11-23,24.0,15.78,3.95,-,0
Dayeuhkolot,2020-11-24,4.0,24.13,4.66,-,0
Dayeuhkolot,2020-11-25,27.5,26.65,4.79,-,1
Dayeuhkolot,2020-11-26,37.0,18.34,4.15,-,0
Dayeuhkolot,2020-11-27,-,13.17,3.72,-,0
Dayeuhkolot,2020-11-28,6.5,19.4,4.28,-,0
Dayeuhkolot,2020-11-29,0.5,18.86,4.24,-,0
Dayeuhkolot,2020-11-30,3.0,15.02,3.91,-,0
Dayeuhkolot,2020-12-01,2.0,16.14,4.02,-,0
Dayeuhkolot,2020-12-02,0.0,18.65,4.22,-,0
Dayeuhkolot,2020-12-03,8.0,17.07,4.08,-,0
Dayeuhkolot,2020-12-04,1.5,13.52,3.76,-,0
Dayeuhkolot,2020-12-05,1.5,12.21,3.62,-,0
Dayeuhkolot,2020-12-06,5.5,12.6,3.67,-,0
Dayeuhkolot,2020-12-07,6.0,14.09,3.82,-,0
Dayeuhkolot,2020-12-08,0.0,11.91,3.58,-,0
Dayeuhkolot,2020-12-09,-,10.55,3.43,-,0
Dayeuhkolot,2020-12-10,-,10.13,3.38,-,0
Dayeuhkolot,2020-12-11,-,9.88,3.35,-,0
Dayeuhkolot,2020-12-12,7.5,9.8,3.34,-,0
Dayeuhkolot,2020-12-13,15.0,9.77,3.32,-,0
Dayeuhkolot,2020-12-14,3.0,13.64,3.78,-,0
Dayeuhkolot,2020-12-15,2.0,18.36,4.22,-,0
Dayeuhkolot,2020-12-16,16.0,19.62,4.31,-,0
Dayeuhkolot,2020-12-17,1.5,20.6,4.35,-,0
Dayeuhkolot,2020-12-18,0.0,16.7,4.06,-,0
Dayeuhkolot,2020-12-19,7.0,15.89,3.99,-,0
Dayeuhkolot,2020-12-20,-,12.25,3.62,-,0
Dayeuhkolot,2020-12-21,-,10.82,3.47,-,0
Dayeuhkolot,2020-12-22,0.0,11.07,3.5,-,0
Dayeuhkolot,2020-12-23,9.5,17.02,4.1,-,0
Dayeuhkolot,2020-12-24,83.0,19.53,4.28,-,1
Dayeuhkolot,2020-12-25,33.0,51.54,6.16,-,0
Dayeuhkolot,2020-12-26,1.5,34.19,5.24,-,0
Dayeuhkolot,2020-12-27,0.0,21.89,4.47,-,0
Dayeuhkolot,2020-12-28,0.0,20.51,4.39,-,0
Dayeuhkolot,2020-12-29,-,15.42,3.9,-,0
Dayeuhkolot,2020-12-30,4.5,16.26,4.03,-,0
Dayeuhkolot,2020-12-31,4.5,16.46,4.02,-,0
Dayeuhkolot,2021-01-01,-,17.59,3.88,-,0
Dayeuhkolot,2021-01-02,-,16.61,3.78,-,0
Dayeuhkolot,2021-01-03,2,16.89,3.81,-,0
Dayeuhkolot,2021-01-04,6.5,23.4,4.35,-,0
Dayeuhkolot,2021-01-05,5,23.01,4.3,-,0
Dayeuhkolot,2021-01-06,-,18.57,3.93,-,0
Dayeuhkolot,2021-01-07,1.5,19.03,3.98,-,0
Dayeuhkolot,2021-01-08,1.5,16.61,3.75,-,0
Dayeuhkolot,2021-01-09,1,17.62,3.83,-,1
Dayeuhkolot,2021-01-10,16,40.42,5.39,-,0
Dayeuhkolot,2021-01-11,24,48.83,5.78,-,0
Dayeuhkolot,2021-01-12,5.5,49.76,5.82,-,0
Dayeuhkolot,2021-01-13,11,54.93,6.04,-,0
Dayeuhkolot,2021-01-14,11,45.48,5.59,-,0
Dayeuhkolot,2021-01-15,8,38.47,5.22,-,0
Dayeuhkolot,2021-01-16,-,31.69,4.83,-,0
Dayeuhkolot,2021-01-17,3.5,37.04,5.14,-,0
Dayeuhkolot,2021-01-18,-,26.61,4.48,-,0
Dayeuhkolot,2021-01-19,4,24.72,4.35,-,0
Dayeuhkolot,2021-01-20,1.5,21.69,4.11,-,0
Dayeuhkolot,2021-01-21,1,21.03,4.06,-,0
Dayeuhkolot,2021-01-22,8.5,28.62,4.61,-,0
Dayeuhkolot,2021-01-23,0,22.56,4.16,-,0
Dayeuhkolot,2021-01-24,0,19.56,3.92,-,0
Dayeuhkolot,2021-01-25,-,21.41,4.07,-,0
Dayeuhkolot,2021-01-26,12,27.38,4.5,-,0
Dayeuhkolot,2021-01-27,13.5,36.11,5.05,-,0
Dayeuhkolot,2021-01-28,0,28.97,4.58,-,0
Dayeuhkolot,2021-01-29,0,25.63,4.36,-,0
Dayeuhkolot,2021-01-30,4,23.53,4.2,-,0
Dayeuhkolot,2021-01-31,1.5,21.22,4.02,-,0
Dayeuhkolot,2021-02-01,0,19.59,3.88,-,0
Dayeuhkolot,2021-02-02,5.5,21.15,4.01,-,0
Dayeuhkolot,2021-02-03,5,24.01,4.22,-,0
Dayeuhkolot,2021-02-04,0,21.7,4.04,-,0
Dayeuhkolot,2021-02-05,18,26,4.35,-,0
Dayeuhkolot,2021-02-06,7,24.05,4.21,-,0
Dayeuhkolot,2021-02-07,23,33.22,4.81,-,0
Dayeuhkolot,2021-02-08,26.5,46.24,5.51,-,0
Dayeuhkolot,2021-02-09,11.5,33.55,4.78,-,0
Dayeuhkolot,2021-02-10,3,26.22,4.33,-,0
Dayeuhkolot,2021-02-11,1.5,23.84,4.16,-,0
Dayeuhkolot,2021-02-12,-,20.68,3.91,-,0
Dayeuhkolot,2021-02-13,-,22.97,4.08,-,0
Dayeuhkolot,2021-02-14,0,19.3,3.78,-,0
Dayeuhkolot,2021-02-15,-,18.73,3.73,-,0
Dayeuhkolot,2021-02-16,0,19.76,3.82,-,0
Dayeuhkolot,2021-02-17,0,19.08,3.76,-,0
Dayeuhkolot,2021-02-18,-,20,3.82,-,0
Dayeuhkolot,2021-02-19,17.5,20.91,3.84,-,0
Dayeuhkolot,2021-02-20,11,25.55,4.25,-,0
Dayeuhkolot,2021-02-21,23,30.56,4.56,-,0
Dayeuhkolot,2021-02-22,0,22.71,4.01,-,0
Dayeuhkolot,2021-02-23,-,21.31,3.9,-,0
Dayeuhkolot,2021-02-24,-,19.77,3.77,-,0
Dayeuhkolot,2021-02-25,-,19.96,3.78,-,0
Dayeuhkolot,2021-02-26,29,29.92,4.51,-,0
Dayeuhkolot,2021-02-27,1,23.6,4.04,-,0
Dayeuhkolot,2021-02-28,-,19.96,3.76,-,0
Dayeuhkolot,2021-03-01,-,19.38,3.71,-,0
Dayeuhkolot,2021-03-02,2.5,27.83,4.34,-,0
Dayeuhkolot,2021-03-03,1,22.61,3.95,-,0
Dayeuhkolot,2021-03-04,1,28.03,4.35,-,0
Dayeuhkolot,2021-03-05,18.5,31.6,4.56,-,0
Dayeuhkolot,2021-03-06,0,33.79,4.69,-,0
Dayeuhkolot,2021-03-07,29.5,34.44,4.72,-,0
Dayeuhkolot,2021-03-08,21,32.54,4.6,-,0
Dayeuhkolot,2021-03-09,0,30.36,4.46,-,0
Dayeuhkolot,2021-03-10,-,24.11,4.03,-,0
Dayeuhkolot,2021-03-11,-,27.31,4.23,-,0
Dayeuhkolot,2021-03-12,6.5,32.21,4.55,-,0
Dayeuhkolot,2021-03-13,5.5,27.19,4.23,-,0
Dayeuhkolot,2021-03-14,-,23.85,3.99,-,0
Dayeuhkolot,2021-03-15,-,21.7,3.82,-,0
Dayeuhkolot,2021-03-16,-,22.84,3.89,-,0
Dayeuhkolot,2021-03-17,16,30.02,4.4,-,0
Dayeuhkolot,2021-03-18,35.5,31.75,4.49,-,0
Dayeuhkolot,2021-03-19,27,41.81,5.04,-,0
Dayeuhkolot,2021-03-20,3.5,41.46,5.03,-,0
Dayeuhkolot,2021-03-21,-,34.64,4.65,-,0
Dayeuhkolot,2021-03-22,-,35.59,4.71,-,0
Dayeuhkolot,2021-03-23,1.5,37.55,4.81,-,0
Dayeuhkolot,2021-03-24,41,48.16,5.36,-,0
Dayeuhkolot,2021-03-25,31.5,55.64,5.69,-,1
Dayeuhkolot,2021-03-26,42,68.3,6.2,-,0
Dayeuhkolot,2021-03-27,67.5,61.8,5.92,-,0
Dayeuhkolot,2021-03-28,11,63.15,5.99,-,0
Dayeuhkolot,2021-03-29,10,55.04,5.62,-,0
Dayeuhkolot,2021-03-30,1.5,43.45,5.08,-,0
Dayeuhkolot,2021-03-31,9,61.51,5.91,-,0
Dayeuhkolot,2021-04-01,2,73.85,6.37,-,0
Dayeuhkolot,2021-04-02,1,49.36,5.33,-,0
Dayeuhkolot,2021-04-03,-,36.75,4.7,-,0
Dayeuhkolot,2021-04-04,0,33.23,4.49,-,0
Dayeuhkolot,2021-04-05,-,29.83,4.28,-,0
Dayeuhkolot,2021-04-06,-,28.16,4.17,-,0
Dayeuhkolot,2021-04-07,-,26,4.01,-,0
Dayeuhkolot,2021-04-08,-,24.63,3.91,-,0
Dayeuhkolot,2021-04-09,0,22.94,3.78,-,0
Dayeuhkolot,2021-04-10,-,22.17,3.72,-,0
Dayeuhkolot,2021-04-11,12.5,24.07,3.86,-,0
Dayeuhkolot,2021-04-12,0,32.8,4.44,-,0
Dayeuhkolot,2021-04-13,3.5,32.5,4.4,-,0
Dayeuhkolot,2021-04-14,15,32.99,4.43,-,0
Dayeuhkolot,2021-04-15,3.5,32.1,4.36,-,0
Dayeuhkolot,2021-04-16,1,31.51,4.33,-,0
Dayeuhkolot,2021-04-17,-,27.91,4.08,-,0
Dayeuhkolot,2021-04-18,4,24.12,3.82,-,0
Dayeuhkolot,2021-04-19,-,25.1,3.89,-,0
Dayeuhkolot,2021-04-20,-,22.84,3.71,-,0
Dayeuhkolot,2021-04-21,-,21.18,3.58,-,0
Dayeuhkolot,2021-04-22,-,20.28,3.5,-,0
Dayeuhkolot,2021-04-23,55.5,20.3,3.5,-,0
Dayeuhkolot,2021-04-24,16,23.82,3.77,-,0
Dayeuhkolot,2021-04-25,0.5,23.26,3.72,-,0
Dayeuhkolot,2021-04-26,-,20.52,3.49,-,0
Dayeuhkolot,2021-04-27,11,19.99,3.45,-,0
Dayeuhkolot,2021-04-28,21.5,22.96,3.68,-,0
Dayeuhkolot,2021-04-29,0.5,31.05,4.22,-,0
Dayeuhkolot,2021-04-30,-,24.12,3.74,-,0
Dayeuhkolot,2021-05-01,-,21.88,3.58,-,0
Dayeuhkolot,2021-05-02,-,21.71,3.56,-,0
Dayeuhkolot,2021-05-03,-,20.7,3.47,-,0
Dayeuhkolot,2021-05-04,65.5,23.16,3.66,-,0
Dayeuhkolot,2021-05-05,11.5,29.38,4.09,-,0
Dayeuhkolot,2021-05-06,2.5,28.94,4.05,-,0
Dayeuhkolot,2021-05-07,-,27.03,3.92,-,0
Dayeuhkolot,2021-05-08,-,23.09,3.63,-,0
Dayeuhkolot,2021-05-09,-,21.38,3.49,-,0
Dayeuhkolot,2021-05-10,-,20.02,3.38,-,0
Dayeuhkolot,2021-05-11,-,19.23,3.31,-,0
Dayeuhkolot,2021-05-12,-,18.89,3.28,-,0
Dayeuhkolot,2021-05-13,15,19.48,3.32,-,0
Dayeuhkolot,2021-05-14,-,20.04,3.36,-,0
Dayeuhkolot,2021-05-15,21,19.52,3.31,-,0
Dayeuhkolot,2021-05-16,35.5,20.21,3.36,-,0
Dayeuhkolot,2021-05-17,14,21.27,3.44,-,0
Dayeuhkolot,2021-05-18,-,33.75,4.28,-,0
Dayeuhkolot,2021-05-19,-,23.48,3.59,-,0
Dayeuhkolot,2021-05-20,9,24.22,3.65,-,0
Dayeuhkolot,2021-05-21,79.5,30.76,4.07,-,0
Dayeuhkolot,2021-05-22,3.5,32.6,4.18,-,0
Dayeuhkolot,2021-05-23,-,39.46,4.58,-,0
Dayeuhkolot,2021-05-24,65.5,36.26,4.38,-,0
Dayeuhkolot,2021-05-25,-,86.24,6.53,-,1
Dayeuhkolot,2021-05-26,0,47.8,4.91,-,0
Dayeuhkolot,2021-05-27,-,33.19,4.2,-,0
Dayeuhkolot,2021-05-28,-,28.08,3.87,-,0
Dayeuhkolot,2021-05-29,5.5,29.77,3.97,-,0
Dayeuhkolot,2021-05-30,5.5,28.79,3.89,-,0
Dayeuhkolot,2021-05-31,31,32.93,4.17,-,0
Dayeuhkolot,2021-06-01,1,34.95,4.27,-,0
Dayeuhkolot,2021-06-02,3.5,50.4,5.07,-,0
Dayeuhkolot,2021-06-03,16,45.44,4.81,-,0
Dayeuhkolot,2021-06-04,7.5,34.59,4.23,-,0
Dayeuhkolot,2021-06-05,-,28.36,3.84,-,0
Dayeuhkolot,2021-06-06,2,26.24,3.7,-,0
Dayeuhkolot,2021-06-07,-,33.47,4.17,-,0
Dayeuhkolot,2021-06-08,6,27.39,3.76,-,0
Dayeuhkolot,2021-06-09,-,24.67,3.57,-,0
Dayeuhkolot,2021-06-10,12,28.47,3.81,-,0
Dayeuhkolot,2021-06-11,6,45.27,4.6,-,0
Dayeuhkolot,2021-06-12,-,35.6,4.26,-,0
Dayeuhkolot,2021-06-13,-,27.74,3.76,-,0
Dayeuhkolot,2021-06-14,-,24.71,3.54,-,0
Dayeuhkolot,2021-06-15,-,23.81,3.48,-,0
Dayeuhkolot,2021-06-16,3.5,24.22,3.5,-,0
Dayeuhkolot,2021-06-17,-,28.19,3.77,-,0
Dayeuhkolot,2021-06-18,5,44.23,4.7,-,0
Dayeuhkolot,2021-06-19,8.5,45.54,4.74,-,0
Dayeuhkolot,2021-06-20,24,67.7,5.72,-,1
Dayeuhkolot,2021-06-21,5,72.11,5.86,-,0
Dayeuhkolot,2021-06-22,-,52.93,5.03,-,0
Dayeuhkolot,2021-06-23,-,39.07,4.38,-,0
Dayeuhkolot,2021-06-24,4,36.34,4.23,-,0
Dayeuhkolot,2021-06-25,-,33.99,4.09,-,0
Dayeuhkolot,2021-06-26,-,32.32,3.98,-,0
Dayeuhkolot,2021-06-27,-,31.38,3.92,-,0
Dayeuhkolot,2021-06-28,-,29.5,3.8,-,0
Dayeuhkolot,2021-06-29,-,27.93,3.69,-,0
Dayeuhkolot,2021-06-30,0,26.65,3.59,-,0
Dayeuhkolot,2021-07-01,2.5,27.24,3.64,-,0
Dayeuhkolot,2021-07-02,-,28.31,3.7,-,0
Dayeuhkolot,2021-07-03,-,25.21,3.48,-,0
Dayeuhkolot,2021-07-04,17,27.62,3.65,-,0
Dayeuhkolot,2021-07-05,-,27.68,3.64,-,0
Dayeuhkolot,2021-07-06,-,27.35,3.61,-,0
Dayeuhkolot,2021-07-07,-,24.42,3.39,-,0
Dayeuhkolot,2021-07-08,-,23.12,3.3,-,0
Dayeuhkolot,2021-07-09,7,22.4,3.24,-,0
Dayeuhkolot,2021-07-10,0,23.26,3.3,-,0
Dayeuhkolot,2021-07-11,-,23.74,3.33,-,0
Dayeuhkolot,2021-07-12,-,23.16,3.28,-,0
Dayeuhkolot,2021-07-13,-,22.44,3.22,-,0
Dayeuhkolot,2021-07-14,-,22.25,3.2,-,0
Dayeuhkolot,2021-07-15,-,22.12,3.18,-,0
Dayeuhkolot,2021-07-16,-,22.1,3.18,-,1
Dayeuhkolot,2021-07-17,-,21.94,3.16,-,0
Dayeuhkolot,2021-07-18,-,21.45,3.12,-,0
Dayeuhkolot,2021-07-19,13,21.55,3.12,-,0
Dayeuhkolot,2021-07-20,-,25.46,3.41,-,0
Dayeuhkolot,2021-07-21,2,25.47,3.4,-,0
Dayeuhkolot,2021-07-22,0,24.42,3.31,-,0
Dayeuhkolot,2021-07-23,-,23.24,3.22,-,0
Dayeuhkolot,2021-07-24,-,23.05,3.2,-,0
Dayeuhkolot,2021-07-25,-,23,3.2,-,0
Dayeuhkolot,2021-07-26,-,22.23,3.13,-,0
Dayeuhkolot,2021-07-27,-,21.62,3.08,-,0
Dayeuhkolot,2021-07-28,-,21.41,3.06,-,0
Dayeuhkolot,2021-07-29,-,21.3,3.05,-,0
Dayeuhkolot,2021-07-30,-,21.16,3.03,-,0
Dayeuhkolot,2021-07-31,-,21.21,3.03,-,0
Dayeuhkolot,2021-08-01,-,20.6,2.97,-,0
Dayeuhkolot,2021-08-02,-,21.09,3.01,-,0
Dayeuhkolot,2021-08-03,-,21.17,3.01,-,0
Dayeuhkolot,2021-08-04,-,21.2,3.01,-,0
Dayeuhkolot,2021-08-05,0,22.68,3.12,-,0
Dayeuhkolot,2021-08-06,-,22.47,3.09,-,0
Dayeuhkolot,2021-08-07,-,22.03,3.05,-,0
Dayeuhkolot,2021-08-08,22.5,21.94,3.04,-,0
Dayeuhkolot,2021-08-09,6.5,26.75,3.39,-,0
Dayeuhkolot,2021-08-10,-,26.06,3.33,-,0
Dayeuhkolot,2021-08-11,-,23.55,3.14,-,0
Dayeuhkolot,2021-08-12,-,22.48,3.06,-,0
Dayeuhkolot,2021-08-13,-,22.07,3.02,-,0
Dayeuhkolot,2021-08-14,-,22.57,3.06,-,0
Dayeuhkolot,2021-08-15,-,22.43,3.04,-,0
Dayeuhkolot,2021-08-16,-,22.01,3,-,1
Dayeuhkolot,2021-08-17,-,21.27,2.94,-,0
Dayeuhkolot,2021-08-18,38.5,22.25,3.01,-,0
Dayeuhkolot,2021-08-19,0,30.72,3.6,-,0
Dayeuhkolot,2021-08-20,-,26.67,3.31,-,0
Dayeuhkolot,2021-08-21,-,24.22,3.14,-,0
Dayeuhkolot,2021-08-22,-,24.28,3.14,-,0
Dayeuhkolot,2021-08-23,-,23.07,3.04,-,0
Dayeuhkolot,2021-08-24,-,22.61,3.01,-,0
Dayeuhkolot,2021-08-25,-,22.3,2.97,-,0
Dayeuhkolot,2021-08-26,-,22.1,2.96,-,0
Dayeuhkolot,2021-08-27,-,22.24,2.96,-,0
Dayeuhkolot,2021-08-28,-,22.55,2.98,-,0
Dayeuhkolot,2021-08-29,-,21.95,2.93,-,0
Dayeuhkolot,2021-08-30,-,22.53,2.97,-,0
Dayeuhkolot,2021-08-31,-,22.71,2.97,-,0
Dayeuhkolot,2021-09-01,-,21.94,2.9,-,0
Dayeuhkolot,2021-09-02,-,21.78,2.89,-,0
Dayeuhkolot,2021-09-03,-,21.9,2.89,-,0
Dayeuhkolot,2021-09-04,-,21.92,2.89,-,0
Dayeuhkolot,2021-09-05,-,21.91,2.88,-,0
Dayeuhkolot,2021-09-06,-,22.39,2.92,-,0
Dayeuhkolot,2021-09-07,16.5,22.74,2.94,-,0
Dayeuhkolot,2021-09-08,-,24.57,3.07,-,0
Dayeuhkolot,2021-09-09,-,23.06,2.95,-,0
Dayeuhkolot,2021-09-10,-,22.82,2.93,-,0
Dayeuhkolot,2021-09-11,-,22.69,2.91,-,0
Dayeuhkolot,2021-09-12,-,22.58,2.9,-,0
Dayeuhkolot,2021-09-13,-,23.23,2.94,-,0
Dayeuhkolot,2021-09-14,11.5,27.16,3.22,-,0
Dayeuhkolot,2021-09-15,1,28.76,3.31,-,0
Dayeuhkolot,2021-09-16,-,27.67,3.23,-,0
Dayeuhkolot,2021-09-17,-,26.48,3.15,-,0
Dayeuhkolot,2021-09-18,-,25.29,3.06,-,0
Dayeuhkolot,2021-09-19,-,24.62,3.01,-,0
Dayeuhkolot,2021-09-20,-,24.24,2.97,-,0
Dayeuhkolot,2021-09-21,7,24.03,2.96,-,0
Dayeuhkolot,2021-09-22,-,25.42,3.05,-,0
Dayeuhkolot,2021-09-23,-,25.14,3.03,-,0
Dayeuhkolot,2021-09-24,-,25.29,3.03,-,0
Dayeuhkolot,2021-09-25,8.5,28.01,3.22,-,0
Dayeuhkolot,2021-09-26,1.5,29.48,3.3,-,0
Dayeuhkolot,2021-09-27,-,39.05,3.86,-,0
Dayeuhkolot,2021-09-28,-,30.19,3.33,-,0
Dayeuhkolot,2021-09-29,-,27.94,3.18,-,0
Dayeuhkolot,2021-09-30,-,27.05,3.12,-,0
Dayeuhkolot,2021-10-01,-,27.14,3.12,-,0
Dayeuhkolot,2021-10-02,-,25.95,3.03,-,0
Dayeuhkolot,2021-10-03,15,26.24,3.05,-,0
Dayeuhkolot,2021-10-04,1.5,35.6,3.64,-,0
Dayeuhkolot,2021-10-05,-,34.88,3.58,-,0
Dayeuhkolot,2021-10-06,-,30.22,3.29,-,0
Dayeuhkolot,2021-10-07,0,29.65,3.25,-,0
Dayeuhkolot,2021-10-08,16,31.11,3.34,-,0
Dayeuhkolot,2021-10-09,-,29.4,3.22,-,0
Dayeuhkolot,2021-10-10,-,27.97,3.13,-,0
Dayeuhkolot,2021-10-11,-,27.48,3.09,-,0
Dayeuhkolot,2021-10-12,-,31.33,3.34,-,0
Dayeuhkolot,2021-10-13,-,28.89,3.17,-,0
Dayeuhkolot,2021-10-14,5,29.35,3.2,-,0
Dayeuhkolot,2021-10-15,3.5,28.33,3.12,-,0
Dayeuhkolot,2021-10-16,23,31.4,3.31,-,0
Dayeuhkolot,2021-10-17,33,50.74,4.34,-,0
Dayeuhkolot,2021-10-18,8,42.88,3.94,-,0
Dayeuhkolot,2021-10-19,20.5,50.39,4.3,-,0
Dayeuhkolot,2021-10-20,-,47.62,4.14,-,0
Dayeuhkolot,2021-10-21,13.5,35.21,3.51,-,0
Dayeuhkolot,2021-10-22,-,39.24,3.73,-,0
Dayeuhkolot,2021-10-23,-,35.48,3.52,-,0
Dayeuhkolot,2021-10-24,-,32.29,3.32,-,0
Dayeuhkolot,2021-10-25,-,33.41,3.39,-,0
Dayeuhkolot,2021-10-26,13,32.2,3.31,-,0
Dayeuhkolot,2021-10-27,35,34.65,3.45,-,0
Dayeuhkolot,2021-10-28,0,46.03,4.06,-,0
Dayeuhkolot,2021-10-29,11,40.47,3.75,-,0
Dayeuhkolot,2021-10-30,47,44.91,3.99,-,0
Dayeuhkolot,2021-10-31,26.5,48.22,4.14,-,0
Dayeuhkolot,2021-11-01,65.5,63.81,4.82,-,0
Dayeuhkolot,2021-11-02,35.5,70.41,5.03,1.00,1
Dayeuhkolot,2021-11-03,18,102.78,6.15,-,0
Dayeuhkolot,2021-11-04,21,73.38,5.14,-,0
Dayeuhkolot,2021-11-05,14.5,78.97,5.34,-,0
Dayeuhkolot,2021-11-06,3.5,55.59,4.43,-,0
Dayeuhkolot,2021-11-07,9,57.28,4.51,-,0
Dayeuhkolot,2021-11-08,3,67.91,4.93,-,0
Dayeuhkolot,2021-11-09,46.5,58.07,4.52,-,0
Dayeuhkolot,2021-11-10,4.5,94.57,5.86,-,0
Dayeuhkolot,2021-11-11,0,75.3,5.15,-,0
Dayeuhkolot,2021-11-12,31,62.46,4.64,-,1
Dayeuhkolot,2021-11-13,9,74.25,5.13,-,0
Dayeuhkolot,2021-11-14,23,86.78,5.57,-,0
Dayeuhkolot,2021-11-15,3.5,90.16,5.68,-,0
Dayeuhkolot,2021-11-16,0,83.26,5.43,-,0
Dayeuhkolot,2021-11-17,0,71.58,5.02,-,0
Dayeuhkolot,2021-11-18,0,74.02,5.11,-,0
Dayeuhkolot,2021-11-19,27,84.06,5.44,-,1
Dayeuhkolot,2021-11-20,-,89.12,5.59,-,0
Dayeuhkolot,2021-11-21,-,67.73,4.84,-,0
Dayeuhkolot,2021-11-22,-,55.27,4.33,-,0
Dayeuhkolot,2021-11-23,-,51.92,4.19,-,0
Dayeuhkolot,2021-11-24,4,49.83,4.08,-,0
Dayeuhkolot,2021-11-25,83,64.87,4.73,-,1
Dayeuhkolot,2021-11-26,0,90.78,5.65,-,0
Dayeuhkolot,2021-11-27,56.5,89.53,5.58,-,0
Dayeuhkolot,2021-11-28,0,118.28,6.44,-,0
Dayeuhkolot,2021-11-29,50,89.88,5.57,-,0
Dayeuhkolot,2021-11-30,14.5,73.72,4.99,-,0
Dayeuhkolot,2021-12-01,0,90.54,5.6,-,0
Dayeuhkolot,2021-12-02,3,89.09,5.55,-,0
Dayeuhkolot,2021-12-03,3.5,86.4,5.45,-,0
Dayeuhkolot,2021-12-04,0,78.55,5.18,-,0
Dayeuhkolot,2021-12-05,-,72.08,4.93,-,0
Dayeuhkolot,2021-12-06,7.5,61.33,4.51,-,0
Dayeuhkolot,2021-12-07,-,61.55,4.52,-,0
Dayeuhkolot,2021-12-08,-,56.41,4.3,-,0
Dayeuhkolot,2021-12-09,-,51.5,4.08,-,0
Dayeuhkolot,2021-12-10,24.5,57.25,4.33,-,0
Dayeuhkolot,2021-12-11,8.5,83.78,5.34,-,0
Dayeuhkolot,2021-12-12,7,75.02,5,-,0
Dayeuhkolot,2021-12-13,8,82.81,5.28,-,0
Dayeuhkolot,2021-12-14,-,66.39,4.66,-,0
Dayeuhkolot,2021-12-15,4,65.44,4.64,-,0
Dayeuhkolot,2021-12-16,40,70.04,4.81,-,0
Dayeuhkolot,2021-12-17,16,78.36,5.11,-,0
Dayeuhkolot,2021-12-18,1,73.81,4.93,-,0
Dayeuhkolot,2021-12-19,0,63.97,4.57,-,0
Dayeuhkolot,2021-12-20,0,67.39,4.7,-,0
Dayeuhkolot,2021-12-21,6.5,64.01,4.57,-,0
Dayeuhkolot,2021-12-22,38.5,59.55,4.38,-,0
Dayeuhkolot,2021-12-23,3,96.85,5.74,-,0
Dayeuhkolot,2021-12-24,14.5,94.26,5.62,-,0
Dayeuhkolot,2021-12-25,2,88.1,5.44,-,0
Dayeuhkolot,2021-12-26,-,86.95,5.4,-,0
Dayeuhkolot,2021-12-27,2.5,72.18,4.88,-,0
Dayeuhkolot,2021-12-28,-,70.61,4.83,-,0
Dayeuhkolot,2021-12-29,4.5,74.21,4.96,-,0
Dayeuhkolot,2021-12-30,-,81.18,5.21,-,0
Dayeuhkolot,2021-12-31,6,75.08,4.99,-,0
Dayeuhkolot,2022-01-01,-,74.31,4.58,-,0
Dayeuhkolot,2022-01-02,-,64.27,4.2,-,0
Dayeuhkolot,2022-01-03,-,59.11,4,-,0
Dayeuhkolot,2022-01-04,-,56.39,3.88,-,0
Dayeuhkolot,2022-01-05,2.5,54.97,3.82,-,0
Dayeuhkolot,2022-01-06,35,65.33,4.26,-,0
Dayeuhkolot,2022-01-07,11,70.3,4.44,-,0
Dayeuhkolot,2022-01-08,-,85.1,4.96,-,0
Dayeuhkolot,2022-01-09,49.5,75.26,4.62,-,0
Dayeuhkolot,2022-01-10,4,66.85,4.3,-,0
Dayeuhkolot,2022-01-11,9.5,63.75,4.19,-,0
Dayeuhkolot,2022-01-12,-,65.83,4.27,-,0
Dayeuhkolot,2022-01-13,-,61.73,4.1,-,0
Dayeuhkolot,2022-01-14,5,59.86,4.03,-,0
Dayeuhkolot,2022-01-15,2,63.36,4.17,-,0
Dayeuhkolot,2022-01-16,-,62.39,4.13,-,0
Dayeuhkolot,2022-01-17,-,57.57,3.93,-,0
Dayeuhkolot,2022-01-18,-,65.25,4.25,-,0
Dayeuhkolot,2022-01-19,1,62.03,4.12,-,0
Dayeuhkolot,2022-01-20,0,61.43,4.09,-,0
Dayeuhkolot,2022-01-21,-,55.08,3.82,-,0
Dayeuhkolot,2022-01-22,0,53.12,3.74,-,0
Dayeuhkolot,2022-01-23,-,51.66,3.67,-,0
Dayeuhkolot,2022-01-24,22,54.36,3.8,-,0
Dayeuhkolot,2022-01-25,-,53.87,3.77,-,0
Dayeuhkolot,2022-01-26,-,54.33,3.79,-,0
Dayeuhkolot,2022-01-27,-,52.85,3.73,-,0
Dayeuhkolot,2022-01-28,-,76.5,4.58,-,0
Dayeuhkolot,2022-01-29,-,53.92,3.69,-,0
Dayeuhkolot,2022-01-30,1.5,47.46,3.48,-,0
Dayeuhkolot,2022-01-31,4,53.96,3.78,-,0
Dayeuhkolot,2022-02-01,-,56.65,3.9,-,0
Dayeuhkolot,2022-02-02,0,61,4.08,-,0
Dayeuhkolot,2022-02-03,15,63.6,4.18,-,0
Dayeuhkolot,2022-02-04,5,67.2,4.33,-,0
Dayeuhkolot,2022-02-05,6.5,70.5,4.45,-,0
Dayeuhkolot,2022-02-06,1.5,64.18,4.2,-,0
Dayeuhkolot,2022-02-07,2,59.89,4.03,-,0
Dayeuhkolot,2022-02-08,-,58.49,3.97,-,0
Dayeuhkolot,2022-02-09,23.5,57.68,3.94,-,0
Dayeuhkolot,2022-02-10,-,73.83,4.58,-,0
Dayeuhkolot,2022-02-11,0,59.83,4.02,-,0
Dayeuhkolot,2022-02-12,-,54.8,3.81,-,0
Dayeuhkolot,2022-02-13,-,53.16,3.74,-,0
Dayeuhkolot,2022-02-14,43,55.23,3.84,-,0
Dayeuhkolot,2022-02-15,-,68.69,4.38,-,0
Dayeuhkolot,2022-02-16,37,62.31,4.13,-,0
Dayeuhkolot,2022-02-17,4,74.57,4.6,-,0
Dayeuhkolot,2022-02-18,3.5,84.18,4.94,-,0
Dayeuhkolot,2022-02-19,12.5,80.78,4.81,-,0
Dayeuhkolot,2022-02-20,0,69.56,4.4,-,0
Dayeuhkolot,2022-02-21,3,65.2,4.24,-,0
Dayeuhkolot,2022-02-22,-,61.29,4.09,-,0
Dayeuhkolot,2022-02-23,-,58.69,3.98,-,0
Dayeuhkolot,2022-02-24,-,57.88,3.95,-,0
Dayeuhkolot,2022-02-25,-,54.4,3.8,-,0
Dayeuhkolot,2022-02-26,0,53.88,3.77,-,0
Dayeuhkolot,2022-02-27,-,55.05,3.83,-,0
Dayeuhkolot,2022-02-28,0,54.44,3.8,-,0
Dayeuhkolot,2022-03-01,-,53.41,3.75,-,0
Dayeuhkolot,2022-03-02,-,51.98,3.69,-,0
Dayeuhkolot,2022-03-03,-,50.26,3.61,-,0
Dayeuhkolot,2022-03-04,9,50.2,3.61,-,0
Dayeuhkolot,2022-03-05,37.5,55.6,3.85,-,0
Dayeuhkolot,2022-03-06,8.5,67.09,4.32,-,0
Dayeuhkolot,2022-03-07,9.5,69.68,4.42,-,0
Dayeuhkolot,2022-03-08,15,92.7,5.23,-,0
Dayeuhkolot,2022-03-09,-,81.26,4.81,-,0
Dayeuhkolot,2022-03-10,19,73.22,4.55,-,0
Dayeuhkolot,2022-03-11,8.8,102.38,5.52,-,0
Dayeuhkolot,2022-03-12,6,81.42,4.82,-,0
Dayeuhkolot,2022-03-13,23,73.2,4.55,-,1
Dayeuhkolot,2022-03-14,21.5,110.08,5.69,-,0
Dayeuhkolot,2022-03-15,-,138.13,6.45,-,0
Dayeuhkolot,2022-03-16,-,109.09,5.67,-,0
Dayeuhkolot,2022-03-17,-,85.77,4.96,-,0
Dayeuhkolot,2022-03-18,-,72.7,4.52,-,0
Dayeuhkolot,2022-03-19,-,75.94,4.66,-,0
Dayeuhkolot,2022-03-20,-,78.44,4.73,-,0
Dayeuhkolot,2022-03-21,-,73.48,4.55,-,0
Dayeuhkolot,2022-03-22,-,66.56,4.29,-,0
Dayeuhkolot,2022-03-23,-,49.27,3.51,-,0
Dayeuhkolot,2022-03-24,-,57.57,3.95,-,0
Dayeuhkolot,2022-03-25,-,58.1,3.96,-,0
Dayeuhkolot,2022-03-26,-,63.13,4.17,-,0
Dayeuhkolot,2022-03-27,11.5,59.45,4.01,-,0
Dayeuhkolot,2022-03-28,-,83.29,4.91,-,0
Dayeuhkolot,2022-03-29,-,83.55,4.87,-,0
Dayeuhkolot,2022-03-30,1,66.21,4.27,-,0
Dayeuhkolot,2022-03-31,15.5,64.62,4.22,-,0
Dayeuhkolot,2022-04-01,-,96.57,5.35,-,0
Dayeuhkolot,2022-04-02,5,63.79,4.13,-,0
Dayeuhkolot,2022-04-03,11.5,64.04,4.21,-,0
Dayeuhkolot,2022-04-04,6,101.8,5.51,-,0
Dayeuhkolot,2022-04-05,3,98.23,5.39,-,0
Dayeuhkolot,2022-04-06,1,92.11,5.19,-,0
Dayeuhkolot,2022-04-07,-,87.77,5.05,-,0
Dayeuhkolot,2022-04-08,30,86.26,5.01,-,0
Dayeuhkolot,2022-04-09,3,82.32,4.86,-,0
Dayeuhkolot,2022-04-10,4,77.92,4.71,-,0
Dayeuhkolot,2022-04-11,7.5,81.37,4.83,-,0
Dayeuhkolot,2022-04-12,7,99.99,5.44,-,0
Dayeuhkolot,2022-04-13,10,80.82,4.8,-,0
Dayeuhkolot,2022-04-14,3.5,72.52,4.52,-,0
Dayeuhkolot,2022-04-15,106.5,71.82,4.5,-,1
Dayeuhkolot,2022-04-16,3.5,117.48,5.96,1.00,1
Dayeuhkolot,2022-04-17,1.5,87.69,5.03,-,0
Dayeuhkolot,2022-04-18,65.5,80.26,4.79,-,0
Dayeuhkolot,2022-04-19,10,154.97,6.9,1.00,1
Dayeuhkolot,2022-04-20,0,141.88,6.57,-,0
Dayeuhkolot,2022-04-21,0,124.09,6.11,-,1
Dayeuhkolot,2022-04-22,0.5,114.17,5.85,-,1
Dayeuhkolot,2022-04-23,42,117.58,5.92,-,1
Dayeuhkolot,2022-04-24,27,165.93,7.14,-,0
Dayeuhkolot,2022-04-25,3.5,124.97,6.12,-,0
Dayeuhkolot,2022-04-26,-,116.98,5.92,-,0
Dayeuhkolot,2022-04-27,-,97.69,5.36,-,0
Dayeuhkolot,2022-04-28,0,88.13,5.06,-,0
Dayeuhkolot,2022-04-29,10.5,74.1,4.57,-,0
Dayeuhkolot,2022-04-30,41,71.57,4.49,-,0
Dayeuhkolot,2022-05-01,15.5,88.29,5.07,-,0
Dayeuhkolot,2022-05-02,14.5,83.03,4.89,-,0
Dayeuhkolot,2022-05-03,-,100.79,5.46,-,0
Dayeuhkolot,2022-05-04,-,74.26,4.58,-,0
Dayeuhkolot,2022-05-05,-,72.32,4.51,-,0
Dayeuhkolot,2022-05-06,7.5,66.32,4.29,-,0
Dayeuhkolot,2022-05-07,11,67.93,4.36,-,0
Dayeuhkolot,2022-05-08,12,84.93,4.97,-,0
Dayeuhkolot,2022-05-09,12,76.08,4.64,-,0
Dayeuhkolot,2022-05-10,-,74.8,4.59,-,0
Dayeuhkolot,2022-05-11,0,80.19,4.81,-,0
Dayeuhkolot,2022-05-12,-,90.16,5.14,-,0
Dayeuhkolot,2022-05-13,-,77.82,4.7,-,0
Dayeuhkolot,2022-05-14,0,70.99,4.47,-,0
Dayeuhkolot,2022-05-15,6.5,68.43,4.37,-,0
Dayeuhkolot,2022-05-16,5,73.34,4.56,-,0
Dayeuhkolot,2022-05-17,65.5,72.76,4.54,0.4,ya
Dayeuhkolot,2022-05-18,45.5,75.82,4.64,-,0
Dayeuhkolot,2022-05-19,-,69.92,4.43,-,0
Dayeuhkolot,2022-05-20,0,65.19,4.24,-,0
Dayeuhkolot,2022-05-21,-,62.79,4.15,-,0
Dayeuhkolot,2022-05-22,-,67.11,4.32,-,0
Dayeuhkolot,2022-05-23,-,62.07,4.12,-,0
Dayeuhkolot,2022-05-24,3,60.21,4.04,-,0
Dayeuhkolot,2022-05-25,19,65.5,4.26,-,0
Dayeuhkolot,2022-05-26,0,61.88,4.1,-,0
Dayeuhkolot,2022-05-27,3,59.55,4.02,-,0
Dayeuhkolot,2022-05-28,3.5,63.14,4.17,-,0
Dayeuhkolot,2022-05-29,-,63.97,4.2,-,0
Dayeuhkolot,2022-05-30,-,59.9,4.03,-,0
Dayeuhkolot,2022-05-31,3,62.73,4.15,-,0
Dayeuhkolot,2022-06-01,-,81.48,4.81,-,0
Dayeuhkolot,2022-06-02,57,82.92,4.9,-,0
Dayeuhkolot,2022-06-03,-,83.24,4.88,-,0
Dayeuhkolot,2022-06-04,1.5,65.89,4.26,-,0
Dayeuhkolot,2022-06-05,33,65.61,4.26,-,0
Dayeuhkolot,2022-06-06,15,81.06,4.83,-,0
Dayeuhkolot,2022-06-07,-,90.39,5.13,-,0
Dayeuhkolot,2022-06-08,-,68.7,4.37,-,0
Dayeuhkolot,2022-06-09,-,64.11,4.2,-,0
Dayeuhkolot,2022-06-10,-,63.84,4.19,-,0
Dayeuhkolot,2022-06-11,12,63.16,4.17,-,0
Dayeuhkolot,2022-06-12,18,79.39,4.78,-,0
Dayeuhkolot,2022-06-13,5.5,71.29,4.46,-,0
Dayeuhkolot,2022-06-14,-,64.99,4.23,-,0
Dayeuhkolot,2022-06-15,13,63.14,4.17,-,0
Dayeuhkolot,2022-06-16,3,64.96,4.24,-,0
Dayeuhkolot,2022-06-17,-,64.41,4.21,-,0
Dayeuhkolot,2022-06-18,1,61.65,4.1,-,0
Dayeuhkolot,2022-06-19,-,64.14,4.2,-,0
Dayeuhkolot,2022-06-20,0,65.72,4.27,-,0
Dayeuhkolot,2022-06-21,-,62.55,4.14,-,0
Dayeuhkolot,2022-06-22,-,58.41,3.97,-,0
Dayeuhkolot,2022-06-23,-,57.94,3.95,-,0
Dayeuhkolot,2022-06-24,-,58.97,3.99,-,0
Dayeuhkolot,2022-06-25,0,62.1,4.12,-,0
Dayeuhkolot,2022-06-26,3,62.95,4.16,-,0
Dayeuhkolot,2022-06-27,20.5,73.82,4.57,-,0
Dayeuhkolot,2022-06-28,-,88.89,5.09,-,0
Dayeuhkolot,2022-06-29,-,66.12,4.26,-,0
Dayeuhkolot,2022-06-30,-,59.28,4,-,0
Dayeuhkolot,2022-07-01,-,54.75,3.81,-,0
Dayeuhkolot,2022-07-02,-,51.98,3.68,-,0
Dayeuhkolot,2022-07-03,-,51.49,3.67,-,0
Dayeuhkolot,2022-07-04,-,51.56,3.67,-,0
Dayeuhkolot,2022-07-05,0,50.82,3.64,-,0
Dayeuhkolot,2022-07-06,3,57.21,3.92,-,0
Dayeuhkolot,2022-07-07,-,62.28,4.13,-,0
Dayeuhkolot,2022-07-08,-,55.97,3.86,-,0
Dayeuhkolot,2022-07-09,-,51.77,3.67,-,0
Dayeuhkolot,2022-07-10,-,51.13,3.65,-,0
Dayeuhkolot,2022-07-11,-,49.78,3.59,-,0
Dayeuhkolot,2022-07-12,-,49.99,3.6,-,0
Dayeuhkolot,2022-07-13,5,50.49,3.62,-,0
Dayeuhkolot,2022-07-14,32,57.78,3.95,-,0
Dayeuhkolot,2022-07-15,32,76.2,4.66,-,0
Dayeuhkolot,2022-07-16,4.5,120.79,6.05,0.7,1
Dayeuhkolot,2022-07-17,-,92.17,5.16,-,0
Dayeuhkolot,2022-07-18,-,70.8,4.45,-,0
Dayeuhkolot,2022-07-19,-,61.18,4.08,-,0
Dayeuhkolot,2022-07-20,-,56.69,3.89,-,0
Dayeuhkolot,2022-07-21,-,53.85,3.77,-,0
Dayeuhkolot,2022-07-22,-,51.47,3.66,-,0
Dayeuhkolot,2022-07-23,-,51.68,3.67,-,0
Dayeuhkolot,2022-07-24,-,50.94,3.64,-,0
Dayeuhkolot,2022-07-25,-,49.48,3.57,-,0
Dayeuhkolot,2022-07-26,-,48.59,3.53,-,0
Dayeuhkolot,2022-07-27,-,47.91,3.49,-,0
Dayeuhkolot,2022-07-28,-,46.59,3.43,-,0
Dayeuhkolot,2022-07-29,-,47.82,3.5,-,0
Dayeuhkolot,2022-07-30,-,46.86,3.44,-,0
Dayeuhkolot,2022-07-31,-,45.71,3.39,-,0
Dayeuhkolot,2022-08-01,-,44.31,3.32,-,0
Dayeuhkolot,2022-08-02,-,44.79,3.35,-,0
Dayeuhkolot,2022-08-03,-,44.02,3.31,-,0
Dayeuhkolot,2022-08-04,-,44.6,3.34,-,0
Dayeuhkolot,2022-08-05,-,43.69,3.29,-,0
Dayeuhkolot,2022-08-06,-,43.84,3.3,-,0
Dayeuhkolot,2022-08-07,-,43.89,3.3,-,0
Dayeuhkolot,2022-08-08,-,43.6,3.29,-,0
Dayeuhkolot,2022-08-09,-,43.27,3.27,-,0
Dayeuhkolot,2022-08-10,2,43.87,3.3,-,0
Dayeuhkolot,2022-08-11,-,44.93,3.35,-,0
Dayeuhkolot,2022-08-12,3,53.36,3.76,-,0
Dayeuhkolot,2022-08-13,42,62.51,4.14,-,0
Dayeuhkolot,2022-08-14,1,55.92,3.85,-,0
Dayeuhkolot,2022-08-15,3,51.53,3.67,-,0
Dayeuhkolot,2022-08-16,14,53.84,3.77,-,0
Dayeuhkolot,2022-08-17,-,54.12,3.78,-,0
Dayeuhkolot,2022-08-18,-,50.26,3.6,-,0
Dayeuhkolot,2022-08-19,-,47.9,3.5,-,0
Dayeuhkolot,2022-08-20,-,45.8,3.39,-,0
Dayeuhkolot,2022-08-21,-,44.73,3.34,-,0
Dayeuhkolot,2022-08-22,-,45.59,3.39,-,0
Dayeuhkolot,2022-08-23,-,43.92,3.3,-,0
Dayeuhkolot,2022-08-24,-,44.13,3.31,-,0
Dayeuhkolot,2022-08-25,-,43.17,3.26,-,0
Dayeuhkolot,2022-08-26,-,43.35,3.27,-,0
Dayeuhkolot,2022-08-27,-,43.11,3.26,-,0
Dayeuhkolot,2022-08-28,-,41.89,3.2,-,0
Dayeuhkolot,2022-08-29,7,41.9,3.2,-,0
Dayeuhkolot,2022-08-30,13,42.99,3.25,-,0
Dayeuhkolot,2022-08-31,-,43.82,3.3,-,0
Dayeuhkolot,2022-09-01,0,42.21,3.22,-,0
Dayeuhkolot,2022-09-02,-,43.5,3.28,-,0
Dayeuhkolot,2022-09-03,25.5,46.66,3.44,-,0
Dayeuhkolot,2022-09-04,9,50.05,3.59,-,0
Dayeuhkolot,2022-09-05,1,48.42,3.52,-,0
Dayeuhkolot,2022-09-06,1,46.59,3.43,-,0
Dayeuhkolot,2022-09-07,4.5,49.87,3.59,-,0
Dayeuhkolot,2022-09-08,0.5,73.96,4.58,-,0
Dayeuhkolot,2022-09-09,33,62.28,4.13,-,0
Dayeuhkolot,2022-09-10,14.5,71.91,4.51,-,0
Dayeuhkolot,2022-09-11,7,91.7,5.19,-,0
Dayeuhkolot,2022-09-12,3.5,82.04,4.85,-,0
Dayeuhkolot,2022-09-13,-,65.95,4.26,-,0
Dayeuhkolot,2022-09-14,-,58.64,3.98,-,0
Dayeuhkolot,2022-09-15,-,52,3.68,-,0
Dayeuhkolot,2022-09-16,5.5,50.95,3.64,-,0
Dayeuhkolot,2022-09-17,3,53.08,3.74,-,0
Dayeuhkolot,2022-09-18,-,50.05,3.6,-,0
Dayeuhkolot,2022-09-19,-,46.19,3.41,-,0
Dayeuhkolot,2022-09-20,-,45.23,3.37,-,0
Dayeuhkolot,2022-09-21,-,46.74,3.44,-,0
Dayeuhkolot,2022-09-22,2,45.99,3.4,-,0
Dayeuhkolot,2022-09-23,0,53.14,3.74,-,0
Dayeuhkolot,2022-09-24,-,48.99,3.55,-,0
Dayeuhkolot,2022-09-25,-,46.42,3.43,-,0
Dayeuhkolot,2022-09-26,-,45.13,3.36,-,0
Dayeuhkolot,2022-09-27,-,44.13,3.31,-,0
Dayeuhkolot,2022-09-28,-,43.18,3.26,-,0
Dayeuhkolot,2022-09-29,-,42.42,3.23,-,0
Dayeuhkolot,2022-09-30,-,43.55,3.29,-,0
Dayeuhkolot,2022-10-01,0,44.59,3.34,-,0
Dayeuhkolot,2022-10-02,13.5,46.67,3.44,-,0
Dayeuhkolot,2022-10-03,26.5,51.88,3.68,-,0
Dayeuhkolot,2022-10-04,2,103.96,5.59,-,0
Dayeuhkolot,2022-10-05,1,97.87,5.36,-,0
Dayeuhkolot,2022-10-06,35.5,82.27,4.86,-,0
Dayeuhkolot,2022-10-07,10.5,102.28,5.52,0.8 ,1
Dayeuhkolot,2022-10-08,28,109.29,5.7,-,0
Dayeuhkolot,2022-10-09,4,112.26,5.79,-,0
Dayeuhkolot,2022-10-10,0,90.46,5.13,-,0
Dayeuhkolot,2022-10-11,0,72.82,4.53,-,0
Dayeuhkolot,2022-10-12,-,68.42,4.37,-,0
Dayeuhkolot,2022-10-13,22.5,66.66,4.3,-,0
Dayeuhkolot,2022-10-14,14,92.8,5.22,-,0
Dayeuhkolot,2022-10-15,31.5,81.54,4.84,-,0
Dayeuhkolot,2022-10-16,-,69.21,4.37,-,0
Dayeuhkolot,2022-10-17,-,65.25,4.22,-,0
Dayeuhkolot,2022-10-18,31.5,71.13,4.44,-,0
Dayeuhkolot,2022-10-19,8.5,91.72,5.17,-,0
Dayeuhkolot,2022-10-20,9.5,89.65,5.12,-,0
Dayeuhkolot,2022-10-21,12,100.72,5.47,-,0
Dayeuhkolot,2022-10-22,54,108.93,5.71,0.50,1
Dayeuhkolot,2022-10-23,0,150.65,6.8,-,1
Dayeuhkolot,2022-10-24,3,118.77,5.95,-,0
Dayeuhkolot,2022-10-25,8.5,98.11,5.37,-,0
Dayeuhkolot,2022-10-26,0,101.04,5.47,-,0
Dayeuhkolot,2022-10-27,-,81.7,4.84,-,0
Dayeuhkolot,2022-10-28,-,71.47,4.48,-,0
Dayeuhkolot,2022-10-29,0,65.09,4.24,-,0
Dayeuhkolot,2022-10-30,0,61.21,4.08,-,0
Dayeuhkolot,2022-10-31,-,57.96,3.95,-,0
Dayeuhkolot,2022-11-01,42,60.66,4.06,-,0
Dayeuhkolot,2022-11-02,1.5,85.34,4.99,-,0
Dayeuhkolot,2022-11-03,12.5,80.51,4.8,-,0
Dayeuhkolot,2022-11-04,18,75.24,4.61,-,0
Dayeuhkolot,2022-11-05,6,89.33,5.12,-,0
Dayeuhkolot,2022-11-06,7,88.33,5.07,-,0
Dayeuhkolot,2022-11-07,23.5,91.28,5.17,-,0
Dayeuhkolot,2022-11-08,0,88.73,5.08,-,0
Dayeuhkolot,2022-11-09,0,81.49,4.84,-,0
Dayeuhkolot,2022-11-10,24.5,84.33,4.95,-,0
Dayeuhkolot,2022-11-11,4,86.38,5,-,0
Dayeuhkolot,2022-11-12,3,111.54,5.8,-,0
Dayeuhkolot,2022-11-13,6,109.21,5.7,-,0
Dayeuhkolot,2022-11-14,7.5,109.5,5.72,-,0
Dayeuhkolot,2022-11-15,-,106.56,5.62,-,0
Dayeuhkolot,2022-11-16,0,87.36,5.03,-,0
Dayeuhkolot,2022-11-17,0,76.58,4.67,-,0
Dayeuhkolot,2022-11-18,17,73.75,4.57,-,0
Dayeuhkolot,2022-11-19,-,92.61,5.22,-,0
Dayeuhkolot,2022-11-20,-,72.48,4.51,-,0
Dayeuhkolot,2022-11-21,-,63.73,4.18,-,0
Dayeuhkolot,2022-11-22,3,61.83,4.11,-,0
Dayeuhkolot,2022-11-23,0,69.02,4.4,-,0
Dayeuhkolot,2022-11-24,0,71.92,4.51,-,0
Dayeuhkolot,2022-11-25,5,83.77,4.93,-,0
Dayeuhkolot,2022-11-26,11.5,106.16,5.64,-,0
Dayeuhkolot,2022-11-27,0,114.19,5.85,-,0
Dayeuhkolot,2022-11-28,57.5,110.77,5.73,-,1
Dayeuhkolot,2022-11-29,11.5,103.29,5.51,1.10,1
Dayeuhkolot,2022-11-30,-,96.23,5.32,-,0
Dayeuhkolot,2022-12-01,1.5,82.54,4.87,-,0
Dayeuhkolot,2022-12-02,9.5,129.27,6.28,1.00,1
Dayeuhkolot,2022-12-03,15,138.77,6.49,-,0
Dayeuhkolot,2022-12-04,5.5,128.91,6.24,-,0
Dayeuhkolot,2022-12-05,27.5,134.18,6.39,-,0
Dayeuhkolot,2022-12-06,6.5,129.41,6.25,-,0
Dayeuhkolot,2022-12-07,30,116.51,5.91,-,0
Dayeuhkolot,2022-12-08,14,123.81,6.11,-,0
Dayeuhkolot,2022-12-09,-,113.7,5.83,-,0
Dayeuhkolot,2022-12-10,-,98.87,5.4,-,0
Dayeuhkolot,2022-12-11,0,88.49,5.07,-,0
Dayeuhkolot,2022-12-12,53.5,126.2,6.19,-,0
Dayeuhkolot,2022-12-13,0,121.46,6.03,-,0
Dayeuhkolot,2022-12-14,08.05,98.98,5.4,-,0
Dayeuhkolot,2022-12-15,10,107.39,5.67,-,0
Dayeuhkolot,2022-12-16,14.5,113.3,5.83,-,0
Dayeuhkolot,2022-12-17,3,121,6.04,-,0
Dayeuhkolot,2022-12-18,20,130.98,6.31,-,0
Dayeuhkolot,2022-12-19,0,127.66,6.21,-,0
Dayeuhkolot,2022-12-20,5.5,112.71,5.8,-,0
Dayeuhkolot,2022-12-21,-,100.09,5.43,-,0
Dayeuhkolot,2022-12-22,0,86.74,5.01,-,0
Dayeuhkolot,2022-12-23,-,81.15,4.83,-,0
Dayeuhkolot,2022-12-24,8.5,75.33,4.62,-,0
Dayeuhkolot,2022-12-25,5.5,75.6,4.64,-,0
Dayeuhkolot,2022-12-26,16,80.69,4.82,-,0
Dayeuhkolot,2022-12-27,-,98.42,5.4,-,0
Dayeuhkolot,2022-12-28,0,78.83,4.74,-,0
Dayeuhkolot,2022-12-29,13,73.64,4.56,-,0
Dayeuhkolot,2022-12-30,0,79.95,4.8,-,0
Dayeuhkolot,2022-12-31,8,77,4.69,-,0
Dayeuhkolot,2023-01-01,0,56.48,4.68,-,0
Dayeuhkolot,2023-01-02,0,50.13,4.38,-,0
Dayeuhkolot,2023-01-03,-,47.59,4.25,-,0
Dayeuhkolot,2023-01-04,7,44.69,4.11,-,0
Dayeuhkolot,2023-01-05,-,45.4,4.15,-,0
Dayeuhkolot,2023-01-06,-,43.53,4.05,-,0
Dayeuhkolot,2023-01-07,-,42.16,3.98,-,0
Dayeuhkolot,2023-01-08,-,41.89,3.97,-,0
Dayeuhkolot,2023-01-09,-,42.95,4.03,-,0
Dayeuhkolot,2023-01-10,-,54.71,4.63,-,0
Dayeuhkolot,2023-01-11,0,52.65,4.53,-,0
Dayeuhkolot,2023-01-12,-,46.19,4.2,-,0
Dayeuhkolot,2023-01-13,-,46.22,4.21,-,0
Dayeuhkolot,2023-01-14,1,43.69,4.08,-,0
Dayeuhkolot,2023-01-15,-,42.04,3.99,-,0
Dayeuhkolot,2023-01-16,-,52.49,4.54,-,0
Dayeuhkolot,2023-01-17,-,48.12,4.32,-,0
Dayeuhkolot,2023-01-18,8.5,52.35,4.53,-,0
Dayeuhkolot,2023-01-19,-,59.8,4.88,-,0
Dayeuhkolot,2023-01-20,-,51.87,4.51,-,0
Dayeuhkolot,2023-01-21,19,58.8,4.85,-,0
Dayeuhkolot,2023-01-22,0,66,5.15,-,0
Dayeuhkolot,2023-01-23,4,53.95,4.61,0.7,1
Dayeuhkolot,2023-01-24,0,67.05,5.22,0.8,1
Dayeuhkolot,2023-01-25,9.5,67.69,5.23,-,0
Dayeuhkolot,2023-01-26,0,62.58,5.01,-,0
Dayeuhkolot,2023-01-27,-,52.95,4.57,-,0
Dayeuhkolot,2023-01-28,6.5,45.75,4.22,-,0
Dayeuhkolot,2023-01-29,-,49.11,4.41,-,0
Dayeuhkolot,2023-01-30,-,45.14,4.2,-,0
Dayeuhkolot,2023-01-31,-,43.21,4.1,-,0
Dayeuhkolot,2023-02-01,0,42.18,4.04,-,0
Dayeuhkolot,2023-02-02,-,41.28,4,-,0
Dayeuhkolot,2023-02-03,-,39.6,3.91,-,0
Dayeuhkolot,2023-02-04,0,40.31,3.95,-,0
Dayeuhkolot,2023-02-05,-,39.73,3.92,-,0
Dayeuhkolot,2023-02-06,-,38.57,3.86,-,0
Dayeuhkolot,2023-02-07,-,37.08,3.77,-,0
Dayeuhkolot,2023-02-08,-,36.74,3.76,-,0
Dayeuhkolot,2023-02-09,0,36.19,3.72,-,0
Dayeuhkolot,2023-02-10,13,38.24,3.85,-,0
Dayeuhkolot,2023-02-11,12,47.62,4.37,-,0
Dayeuhkolot,2023-02-12,7.5,54.93,4.72,-,0
Dayeuhkolot,2023-02-13,6,49.63,4.45,-,0
Dayeuhkolot,2023-02-14,6,44.49,4.2,-,0
Dayeuhkolot,2023-02-15,8.5,43.42,4.15,-,0
Dayeuhkolot,2023-02-16,1.5,44.3,4.2,-,0
Dayeuhkolot,2023-02-17,5.5,45.6,4.27,-,0
Dayeuhkolot,2023-02-18,1,44.05,4.19,-,0
Dayeuhkolot,2023-02-19,-,43.7,4.17,-,0
Dayeuhkolot,2023-02-20,0,44,4.19,-,0
Dayeuhkolot,2023-02-21,0,42.63,4.12,-,0
Dayeuhkolot,2023-02-22,0,41.96,4.09,-,0
Dayeuhkolot,2023-02-23,16,40.51,4.01,-,0
Dayeuhkolot,2023-02-24,34,51.94,4.62,-,0
Dayeuhkolot,2023-02-25,1.5,53.95,4.7,-,0
Dayeuhkolot,2023-02-26,19,48.07,4.41,-,0
Dayeuhkolot,2023-02-27,2.5,55.96,4.82,-,0
Dayeuhkolot,2023-02-28,0,49.59,4.49,-,0
Dayeuhkolot,2023-03-01,-,44.35,4.23,-,0
Dayeuhkolot,2023-03-02,-,52.13,4.64,-,0
Dayeuhkolot,2023-03-03,-,49.44,4.49,-,0
Dayeuhkolot,2023-03-04,-,43.26,4.18,-,0
Dayeuhkolot,2023-03-05,-,41.16,4.07,-,0
Dayeuhkolot,2023-03-06,-,40.04,4.01,-,0
Dayeuhkolot,2023-03-07,-,42.2,4.14,-,0
Dayeuhkolot,2023-03-08,-,46.24,4.36,-,0
Dayeuhkolot,2023-03-09,-,45.95,4.34,-,0
Dayeuhkolot,2023-03-10,-,50.71,4.59,-,0
Dayeuhkolot,2023-03-11,-,55.37,4.8,-,0
Dayeuhkolot,2023-03-12,-,43.38,4.2,-,0
Dayeuhkolot,2023-03-13,-,38.76,3.94,-,0
Dayeuhkolot,2023-03-14,-,36.94,3.84,-,0
Dayeuhkolot,2023-03-15,-,39.38,3.99,-,0
Dayeuhkolot,2023-03-16,-,39.11,3.97,-,0
Dayeuhkolot,2023-03-17,-,42.41,4.14,-,1
Dayeuhkolot,2023-03-18,-,67.87,5.35,-,0
Dayeuhkolot,2023-03-19,-,55.06,4.78,-,0
Dayeuhkolot,2023-03-20,-,54.38,4.76,-,0
Dayeuhkolot,2023-03-21,-,66.8,5.31,-,0
Dayeuhkolot,2023-03-22,-,71.29,5.5,-,0
Dayeuhkolot,2023-03-23,-,90.55,6.22,-,1
Dayeuhkolot,2023-03-24,-,76,5.66,-,0
Dayeuhkolot,2023-03-25,-,77.86,5.73,-,0
Dayeuhkolot,2023-03-26,-,80.62,5.83,-,1
Dayeuhkolot,2023-03-27,-,94.84,6.37,-,0
Dayeuhkolot,2023-03-28,-,76.15,5.66,-,0
Dayeuhkolot,2023-03-29,-,61.36,5.06,-,0
Dayeuhkolot,2023-03-30,-,55.03,4.78,-,0
Dayeuhkolot,2023-03-31,-,51.12,4.6,-,0
Dayeuhkolot,2023-04-01,0,60.38,5.04,-,0
Dayeuhkolot,2023-04-02,5,55.17,4.79,-,0
Dayeuhkolot,2023-04-03,-,58.46,4.95,-,0
Dayeuhkolot,2023-04-04,-,46.51,4.36,-,0
Dayeuhkolot,2023-04-05,-,43.9,4.23,-,0
Dayeuhkolot,2023-04-06,-,44.55,4.27,-,0
Dayeuhkolot,2023-04-07,-,40.66,4.05,-,0
Dayeuhkolot,2023-04-08,-,45.7,4.32,-,0
Dayeuhkolot,2023-04-09,-,41.88,4.1,-,0
Dayeuhkolot,2023-04-10,3,42.09,4.13,-,0
Dayeuhkolot,2023-04-11,-,41.09,4.07,-,0
Dayeuhkolot,2023-04-12,5,40.78,4.06,-,0
Dayeuhkolot,2023-04-13,-,45.52,4.32,-,0
Dayeuhkolot,2023-04-14,31.5,45.62,4.31,-,0
Dayeuhkolot,2023-04-15,-,71.08,5.49,-,0
Dayeuhkolot,2023-04-16,0,61.15,5.05,-,0
Dayeuhkolot,2023-04-17,14,57.43,4.89,-,0
Dayeuhkolot,2023-04-18,9,48.24,4.45,-,0
Dayeuhkolot,2023-04-19,-,46.19,4.35,-,0
Dayeuhkolot,2023-04-20,7,47.48,4.41,-,0
Dayeuhkolot,2023-04-21,23,44.29,4.25,-,0
Dayeuhkolot,2023-04-22,-,46.59,4.37,-,0
Dayeuhkolot,2023-04-23,42.5,43.86,4.22,-,0
Dayeuhkolot,2023-04-24,-,45.59,4.31,-,0
Dayeuhkolot,2023-04-25,5.5,53.76,4.73,-,0
Dayeuhkolot,2023-04-26,88.5,53.11,4.68,1.00,1
Dayeuhkolot,2023-04-27,-,53.33,4.69,-,0
Dayeuhkolot,2023-04-28,37,52.09,4.63,-,0
Dayeuhkolot,2023-04-29,-,60.41,5.04,-,0
Dayeuhkolot,2023-04-30,16.5,51.46,4.59,-,0
Dayeuhkolot,2023-05-01,0,79.69,5.82,-,0
Dayeuhkolot,2023-05-02,-,54.03,4.71,-,0
Dayeuhkolot,2023-05-03,31.5,60.96,5.06,-,1
Dayeuhkolot,2023-05-04,9.5,87.97,6.12,-,0
Dayeuhkolot,2023-05-05,23.5,98.39,6.47,-,0
Dayeuhkolot,2023-05-06,2,115.9,7.02,-,1
Dayeuhkolot,2023-05-07,50,90.61,6.18,-,0
Dayeuhkolot,2023-05-08,40,85.95,6.03,-,0
Dayeuhkolot,2023-05-09,-,85.86,6.02,-,0
Dayeuhkolot,2023-05-10,-,66.47,5.27,-,0
Dayeuhkolot,2023-05-11,-,57.03,4.87,-,0
Dayeuhkolot,2023-05-12,-,52.4,4.65,-,0
Dayeuhkolot,2023-05-13,1,55.34,4.79,-,0
Dayeuhkolot,2023-05-14,-,53.23,4.67,-,0
Dayeuhkolot,2023-05-15,-,45.14,4.28,-,0
Dayeuhkolot,2023-05-16,-,42.74,4.16,-,0
Dayeuhkolot,2023-05-17,-,41.34,4.08,-,0
Dayeuhkolot,2023-05-18,-,40.31,4.03,-,0
Dayeuhkolot,2023-05-19,-,40,4.01,-,0
Dayeuhkolot,2023-05-20,-,39.99,4.01,-,0
Dayeuhkolot,2023-05-21,23,44.93,4.28,-,0
Dayeuhkolot,2023-05-22,39,44.82,4.26,-,0
Dayeuhkolot,2023-05-23,-,40.88,4.04,-,0
Dayeuhkolot,2023-05-24,14.5,39.62,3.99,-,0
Dayeuhkolot,2023-05-25,0,38.74,3.93,-,0
Dayeuhkolot,2023-05-26,-,37.12,3.84,-,0
Dayeuhkolot,2023-05-27,-,37.04,3.84,-,0
Dayeuhkolot,2023-05-28,-,36.84,3.8,-,0
Dayeuhkolot,2023-05-29,5.5,34.39,3.65,-,0
Dayeuhkolot,2023-05-30,-,42.26,4.13,-,0
Dayeuhkolot,2023-05-31,-,40.43,4.02,-,0
Dayeuhkolot,2023-06-01,-,34.86,3.7,-,0
Dayeuhkolot,2023-06-02,-,33.62,3.62,-,0
Dayeuhkolot,2023-06-03,12.5,34.19,3.66,-,0
Dayeuhkolot,2023-06-04,6,34.13,3.66,-,0
Dayeuhkolot,2023-06-05,16,43.67,4.21,-,0
Dayeuhkolot,2023-06-06,16,46.66,4.37,-,0
Dayeuhkolot,2023-06-07,-,39.14,3.94,-,0
Dayeuhkolot,2023-06-08,-,36.58,3.8,-,0
Dayeuhkolot,2023-06-09,-,35.26,3.72,-,0
Dayeuhkolot,2023-06-10,-,33.63,3.62,-,0
Dayeuhkolot,2023-06-11,-,32.52,3.55,-,0
Dayeuhkolot,2023-06-12,-,32.06,3.53,-,0
Dayeuhkolot,2023-06-13,0,31.6,3.49,-,0
Dayeuhkolot,2023-06-14,8.5,31.32,3.47,-,0
Dayeuhkolot,2023-06-15,3,31.79,3.51,-,0
Dayeuhkolot,2023-06-16,37.5,37.29,3.85,-,0
Dayeuhkolot,2023-06-17,-,44.71,4.26,-,0
Dayeuhkolot,2023-06-18,-,42.04,4.11,-,0
Dayeuhkolot,2023-06-19,15.5,40.85,4.04,-,0
Dayeuhkolot,2023-06-20,-,66.61,5.3,-,0
Dayeuhkolot,2023-06-21,-,50.66,4.55,-,0
Dayeuhkolot,2023-06-22,-,42.1,4.11,-,0
Dayeuhkolot,2023-06-23,79.5,38.07,3.89,-,0
Dayeuhkolot,2023-06-24,0,37.15,3.83,-,0
Dayeuhkolot,2023-06-25,18,36.88,3.82,-,0
Dayeuhkolot,2023-06-26,-,41.85,4.11,-,0
Dayeuhkolot,2023-06-27,28,43.18,4.18,-,0
Dayeuhkolot,2023-06-28,-,42.48,4.13,-,0
Dayeuhkolot,2023-06-29,-,37.05,3.82,-,0
Dayeuhkolot,2023-06-30,-,35.13,3.71,-,0
Dayeuhkolot,2023-07-01,-,33.22,3.59,-,0
Dayeuhkolot,2023-07-02,11.5,34.18,3.66,-,0
Dayeuhkolot,2023-07-03,-,33.28,3.59,-,0
Dayeuhkolot,2023-07-04,2,32.37,3.54,-,0
Dayeuhkolot,2023-07-05,-,32.89,3.57,-,0
Dayeuhkolot,2023-07-06,-,38.83,3.94,-,0
Dayeuhkolot,2023-07-07,-,37.93,3.88,-,0
Dayeuhkolot,2023-07-08,28,37.71,3.87,-,0
Dayeuhkolot,2023-07-09,-,47.32,4.4,-,0
Dayeuhkolot,2023-07-10,-,39.66,3.97,-,0
Dayeuhkolot,2023-07-11,-,36.05,3.76,-,0
Dayeuhkolot,2023-07-12,-,33.88,3.63,-,0
Dayeuhkolot,2023-07-13,-,31.78,3.5,-,0
Dayeuhkolot,2023-07-14,-,31.09,3.45,-,0
Dayeuhkolot,2023-07-15,-,30.33,3.4,-,0
Dayeuhkolot,2023-07-16,-,29.87,3.37,-,0
Dayeuhkolot,2023-07-17,-,29.9,3.37,-,0
Dayeuhkolot,2023-07-18,-,29,3.31,-,0
Dayeuhkolot,2023-07-19,-,28.21,3.26,-,0
Dayeuhkolot,2023-07-20,-,27.3,3.19,-,0
Dayeuhkolot,2023-07-21,-,28.32,3.27,-,0
Dayeuhkolot,2023-07-22,-,29.09,3.32,-,0
Dayeuhkolot,2023-07-23,-,27.45,3.2,-,0
Dayeuhkolot,2023-07-24,-,27.73,3.23,-,0
Dayeuhkolot,2023-07-25,-,28.43,3.27,-,0
Dayeuhkolot,2023-07-26,6,33.49,3.61,-,0
Dayeuhkolot,2023-07-27,-,31.21,3.45,-,0
Dayeuhkolot,2023-07-28,-,28.99,3.31,-,0
Dayeuhkolot,2023-07-29,-,27.56,3.21,-,0
Dayeuhkolot,2023-07-30,-,27.4,3.2,-,0
Dayeuhkolot,2023-07-31,-,27.28,3.19,-,0
Dayeuhkolot,2023-08-01,-,29.38,3.34,-,0
Dayeuhkolot,2023-08-02,-,27.84,3.22,-,0
Dayeuhkolot,2023-08-03,-,28.73,3.29,-,0
Dayeuhkolot,2023-08-04,-,28.41,3.27,-,0
Dayeuhkolot,2023-08-05,-,27.5,3.2,-,0
Dayeuhkolot,2023-08-06,-,27.47,3.2,-,0
Dayeuhkolot,2023-08-07,14.5,27.19,3.18,-,0
Dayeuhkolot,2023-08-08,-,27.57,3.21,-,0
Dayeuhkolot,2023-08-09,-,27.15,3.18,-,0
Dayeuhkolot,2023-08-10,-,27.45,3.2,-,0
Dayeuhkolot,2023-08-11,-,27.03,3.17,-,0
Dayeuhkolot,2023-08-12,-,27.08,3.17,-,0
Dayeuhkolot,2023-08-13,-,26.13,3.1,-,0
Dayeuhkolot,2023-08-14,-,26.52,3.13,-,0
Dayeuhkolot,2023-08-15,-,26.47,3.13,-,0
Dayeuhkolot,2023-08-16,-,25.84,3.08,-,0
Dayeuhkolot,2023-08-17,-,25.86,3.08,-,0
Dayeuhkolot,2023-08-18,-,25.41,3.05,-,0
Dayeuhkolot,2023-08-19,-,25.25,3.04,-,0
Dayeuhkolot,2023-08-20,-,25.24,3.04,-,0
Dayeuhkolot,2023-08-21,-,25.56,3.06,-,0
Dayeuhkolot,2023-08-22,-,25.25,3.04,-,0
Dayeuhkolot,2023-08-23,-,25.22,3.04,-,0
Dayeuhkolot,2023-08-24,-,25.79,3.08,-,0
Dayeuhkolot,2023-08-25,-,24.82,3,-,1
Dayeuhkolot,2023-08-26,-,15.1,2.13,-,0
Dayeuhkolot,2023-08-27,0,14.2,2.06,-,0
Dayeuhkolot,2023-08-28,-,14.81,2.13,-,0
Dayeuhkolot,2023-08-29,-,24.78,3.01,-,0
Dayeuhkolot,2023-08-30,-,25.68,3.06,-,0
Dayeuhkolot,2023-08-31,-,25.35,3.04,-,0
Dayeuhkolot,2023-09-01,-,24.4,2.97,-,0
Dayeuhkolot,2023-09-02,-,14.37,2.06,-,0
Dayeuhkolot,2023-09-03,-,17.1,2.34,-,0
Dayeuhkolot,2023-09-04,-,18.2,2.42,-,0
Dayeuhkolot,2023-09-05,-,14.42,2.06,-,0
Dayeuhkolot,2023-09-06,-,13.62,2,-,0
Dayeuhkolot,2023-09-07,-,13.62,2,-,0
Dayeuhkolot,2023-09-08,-,13.62,2,-,0
Dayeuhkolot,2023-09-09,-,13.62,2,-,0
Dayeuhkolot,2023-09-10,-,13.62,2,-,0
Dayeuhkolot,2023-09-11,-,13.62,2,-,0
Dayeuhkolot,2023-09-12,-,13.63,2,-,0
Dayeuhkolot,2023-09-13,-,13.63,2,-,0
Dayeuhkolot,2023-09-14,-,13.63,2,-,0
Dayeuhkolot,2023-09-15,-,13.63,2,-,0
Dayeuhkolot,2023-09-16,-,17.16,2.34,-,0
Dayeuhkolot,2023-09-17,-,17.98,2.4,-,0
Dayeuhkolot,2023-09-18,-,14.4,2.06,-,0
Dayeuhkolot,2023-09-19,-,13.64,2,-,0
Dayeuhkolot,2023-09-20,-,13.64,2,-,0
Dayeuhkolot,2023-09-21,-,18.32,2.44,-,0
Dayeuhkolot,2023-09-22,-,27.07,3.16,-,0
Dayeuhkolot,2023-09-23,-,25.98,3.09,-,0
Dayeuhkolot,2023-09-24,-,24.72,2.98,-,0
Dayeuhkolot,2023-09-25,-,20.6,2.65,-,0
Dayeuhkolot,2023-09-26,-,20.59,2.64,-,0
Dayeuhkolot,2023-09-27,-,17.76,2.38,-,0
Dayeuhkolot,2023-09-28,-,14.36,2.05,-,0
Dayeuhkolot,2023-09-29,-,17.04,2.33,-,0
Dayeuhkolot,2023-09-30,-,14.37,2.05,-,0
Dayeuhkolot,2023-10-01,-,14.37,2.07,-,0
Dayeuhkolot,2023-10-02,-,19.73,2.56,-,0
Dayeuhkolot,2023-10-03,-,13.66,2,-,0
Dayeuhkolot,2023-10-04,-,13.66,2,-,0
Dayeuhkolot,2023-10-05,-,13.66,2,-,0
Dayeuhkolot,2023-10-06,-,13.66,2,-,0
Dayeuhkolot,2023-10-07,-,13.66,2,-,0
Dayeuhkolot,2023-10-08,-,13.67,2,-,0
Dayeuhkolot,2023-10-09,-,14.67,2.1,-,0
Dayeuhkolot,2023-10-10,0,23.18,2.85,-,0
Dayeuhkolot,2023-10-11,-,25.76,3.06,-,0
Dayeuhkolot,2023-10-12,-,18.98,2.49,-,0
Dayeuhkolot,2023-10-13,-,17.98,2.36,-,0
Dayeuhkolot,2023-10-14,-,13.68,2,-,0
Dayeuhkolot,2023-10-15,-,13.68,2,-,0
Dayeuhkolot,2023-10-16,-,13.68,2,-,0
Dayeuhkolot,2023-10-17,-,14.44,2.08,-,0
Dayeuhkolot,2023-10-18,-,26.77,3.15,-,0
Dayeuhkolot,2023-10-19,-,25.97,3.08,-,0
Dayeuhkolot,2023-10-20,7,26.04,3.08,-,0
Dayeuhkolot,2023-10-21,-,25.94,3.07,-,0
Dayeuhkolot,2023-10-22,14.5,28.06,3.23,-,0
Dayeuhkolot,2023-10-23,5,29.39,3.32,-,0
Dayeuhkolot,2023-10-24,29,42.92,4.15,-,0
Dayeuhkolot,2023-10-25,20.5,38.83,3.88,-,0
Dayeuhkolot,2023-10-26,-,34.71,3.64,-,0
Dayeuhkolot,2023-10-27,-,30.71,3.41,-,0
Dayeuhkolot,2023-10-28,-,27.97,3.22,-,0
Dayeuhkolot,2023-10-29,-,27.59,3.2,-,0
Dayeuhkolot,2023-10-30,-,26.84,3.14,-,0
Dayeuhkolot,2023-10-31,0,27.12,3.16,-,0
Dayeuhkolot,2023-11-01,-,27.27,3.17,-,0
Dayeuhkolot,2023-11-02,-,28.07,3.23,-,0
Dayeuhkolot,2023-11-03,1,27.99,3.22,-,0
Dayeuhkolot,2023-11-04,-,32.11,3.5,-,0
Dayeuhkolot,2023-11-05,-,29.37,3.31,-,0
Dayeuhkolot,2023-11-06,-,28.47,3.25,-,0
Dayeuhkolot,2023-11-07,-,28.21,3.23,-,0
Dayeuhkolot,2023-11-08,0,27.45,3.18,-,0
Dayeuhkolot,2023-11-09,-,27.4,3.18,-,0
Dayeuhkolot,2023-11-10,-,26.83,3.13,-,0
Dayeuhkolot,2023-11-11,5,29.59,3.33,-,0
Dayeuhkolot,2023-11-12,15,34.32,3.63,-,0
Dayeuhkolot,2023-11-13,0.5,32.84,3.54,-,0
Dayeuhkolot,2023-11-14,34,32.34,3.51,-,0
Dayeuhkolot,2023-11-15,-,36.22,3.76,-,0
Dayeuhkolot,2023-11-16,19,37.85,3.85,-,0
Dayeuhkolot,2023-11-17,22,41.27,4.04,-,0
Dayeuhkolot,2023-11-18,1,35.6,3.7,-,0
Dayeuhkolot,2023-11-19,-,33.19,3.56,-,0
Dayeuhkolot,2023-11-20,-,30.9,3.41,-,0
Dayeuhkolot,2023-11-21,3.5,29.71,3.33,-,0
Dayeuhkolot,2023-11-22,2,30.41,3.39,-,0
Dayeuhkolot,2023-11-23,1,30.86,3.41,-,0
Dayeuhkolot,2023-11-24,11,30.09,3.36,-,0
Dayeuhkolot,2023-11-25,-,37.74,3.85,-,0
Dayeuhkolot,2023-11-26,12,36.09,3.74,-,0
Dayeuhkolot,2023-11-27,30.5,46.52,4.33,-,0
Dayeuhkolot,2023-11-28,26,54.09,4.71,-,0
Dayeuhkolot,2023-11-29,-,39.93,3.94,-,0
Dayeuhkolot,2023-11-30,21,40.34,3.97,-,1
Dayeuhkolot,2023-12-01,7.5,93.54,6.31,-,0
Dayeuhkolot,2023-12-02,1,61.84,5.15,-,0
Dayeuhkolot,2023-12-03,21,42.14,4.38,-,0
Dayeuhkolot,2023-12-04,2.5,43.43,4.59,-,0
Dayeuhkolot,2023-12-05,66,45.03,4.63,-,0
Dayeuhkolot,2023-12-06,8.5,43.86,4.52,-,1
Dayeuhkolot,2023-12-07,-,49.09,4.73,-,0
Dayeuhkolot,2023-12-08,19,43.16,4.38,-,0
Dayeuhkolot,2023-12-09,3,53.93,4.87,-,0
Dayeuhkolot,2023-12-10,4.5,49.31,4.58,-,0
Dayeuhkolot,2023-12-11,-,49.85,4.56,-,0
Dayeuhkolot,2023-12-12,-,56.98,4.85,-,0
Dayeuhkolot,2023-12-13,-,45.23,4.21,-,0
Dayeuhkolot,2023-12-14,-,42.62,4.02,-,0
Dayeuhkolot,2023-12-15,-,42.67,3.97,-,0
Dayeuhkolot,2023-12-16,58,39.52,3.74,-,0
Dayeuhkolot,2023-12-17,-,45.4,4.02,-,0
Dayeuhkolot,2023-12-18,9.5,45.89,3.98,-,0
Dayeuhkolot,2023-12-19,-,45.02,3.88,-,0
Dayeuhkolot,2023-12-20,-,40.97,3.6,-,0
Dayeuhkolot,2023-12-21,-,39.59,3.47,-,0
Dayeuhkolot,2023-12-22,-,40.08,3.44,-,0
Dayeuhkolot,2023-12-23,6.5,51.13,3.96,-,0
Dayeuhkolot,2023-12-24,15,77.19,5.03,-,0
Dayeuhkolot,2023-12-25,52.5,85.88,5.27,-,1
Dayeuhkolot,2023-12-26,4,84.82,5.21,-,1
Dayeuhkolot,2023-12-27,7,98.07,5.61,-,0
Dayeuhkolot,2023-12-28,15,94.45,5.42,-,0
Dayeuhkolot,2023-12-29,19.5,76.01,4.69,-,0
Dayeuhkolot,2023-12-30,18.5,69.24,4.39,-,0
Dayeuhkolot,2023-12-31,33,88.94,5.06,-,0
Dayeuhkolot,2024-01-01,21.5,42.6,4.85,-,0
Dayeuhkolot,2024-01-02,3,63.7,5.33,-,0
Dayeuhkolot,2024-01-03,-,53.4 *,5.11,-,0
Dayeuhkolot,2024-01-04,13.5,39.3,4.76,-,0
Dayeuhkolot,2024-01-05,22.5,80.8,5.65,-,0
Dayeuhkolot,2024-01-06,33.5,81.4,5.66,-,0
Dayeuhkolot,2024-01-07,8.5,100,5.97,-,1
Dayeuhkolot,2024-01-08,0,130,6.38,-,0
Dayeuhkolot,2024-01-09,16,84.9,5.72,-,0
Dayeuhkolot,2024-01-10,16,103,06.01,-,0
Dayeuhkolot,2024-01-11,36,86.6,5.75,-,1
Dayeuhkolot,2024-01-12,-,215 *,7.32,-,0
Dayeuhkolot,2024-01-13,46,134,6.44,-,0
Dayeuhkolot,2024-01-14,9.5,79.6,5.63,-,0
Dayeuhkolot,2024-01-15,2.5,45.4,4.92,-,0
Dayeuhkolot,2024-01-16,-,47.8,4.98,-,0
Dayeuhkolot,2024-01-17,4.5,49.1,05.01,-,0
Dayeuhkolot,2024-01-18,16,39.6,4.77,-,0
Dayeuhkolot,2024-01-19,5.5,57,5.19,-,0
Dayeuhkolot,2024-01-20,-,46.6,4.95,-,0
Dayeuhkolot,2024-01-21,1,30,4.49,-,0
Dayeuhkolot,2024-01-22,1.5,26.8,4.37,-,0
Dayeuhkolot,2024-01-23,9.5,27.6,4.40,-,0
Dayeuhkolot,2024-01-24,1.5,26.8,4.37,-,0
Dayeuhkolot,2024-01-25,-,22.2,4.18,-,0
Dayeuhkolot,2024-01-26,1.5,21.6,4.15,-,0
Dayeuhkolot,2024-01-27,0,18.5,4.00,-,0
Dayeuhkolot,2024-01-28,-,18.3,3.99,-,0
Dayeuhkolot,2024-01-29,-,15.4,3.83,-,0
Dayeuhkolot,2024-01-30,8,14.6,3.78,-,0
Dayeuhkolot,2024-01-31,13,8.78,3.35,-,1
Dayeuhkolot,2024-02-01,3,41.9,4.83,-,0
Dayeuhkolot,2024-02-02,8,90.9,5.82,-,0
Dayeuhkolot,2024-02-03,-,75.2,5.55,-,0
Dayeuhkolot,2024-02-04,0,65.2,5.36,-,0
Dayeuhkolot,2024-02-05,-,57,5.19,-,0
Dayeuhkolot,2024-02-06,0,36.1,4.67,-,0
Dayeuhkolot,2024-02-07,14,30.3,4.50,-,0
Dayeuhkolot,2024-02-08,-,31.4 *,4.53,-,0
Dayeuhkolot,2024-02-09,30.5,37.1,4.70,-,0
Dayeuhkolot,2024-02-10,23.5,66.2,5.38,-,0
Dayeuhkolot,2024-02-11,6.5,97.8,5.93,-,0
Dayeuhkolot,2024-02-12,6,45.8,4.93,-,0
Dayeuhkolot,2024-02-13,0,30.3,4.50,-,0
Dayeuhkolot,2024-02-14,2,22.9,4.21,-,0
Dayeuhkolot,2024-02-15,22,32.7,4.57,-,0
Dayeuhkolot,2024-02-16,32,45.4,4.92,-,0
Dayeuhkolot,2024-02-17,30,71.4,5.48,-,1
Dayeuhkolot,2024-02-18,31,69.8,5.45,-,1
Dayeuhkolot,2024-02-19,6,63.7 *,5.33,-,0
Dayeuhkolot,2024-02-20,8,32 *,4.55,-,0
Dayeuhkolot,2024-02-21,4.5,84.3 *,5.71,-,0
Dayeuhkolot,2024-02-22,3.5,77.4,5.59,-,0
Dayeuhkolot,2024-02-23,3.5,81.9,5.67,-,0
Dayeuhkolot,2024-02-24,8,89.1,5.79,-,0
Dayeuhkolot,2024-02-25,17.5,92.8,5.85,-,0
Dayeuhkolot,2024-02-26,-,75.2 *,5.55,-,0
Dayeuhkolot,2024-02-27,10,62.7 *,5.31,-,1
Dayeuhkolot,2024-02-28,17,48.7 *,5.00,-,1
Dayeuhkolot,2024-02-29,-,54.3 *,5.13,-,0
Dayeuhkolot,2024-03-01,11,59.8,5.25,-,0
Dayeuhkolot,2024-03-02,14,60.8,5.27,-,0
Dayeuhkolot,2024-03-03,1.5,110,6.11,-,0
Dayeuhkolot,2024-03-04,0,75.2,5.55,-,0
Dayeuhkolot,2024-03-05,21.5,53.4,5.11,-,0
Dayeuhkolot,2024-03-06,27.5,118,6.22,-,0
Dayeuhkolot,2024-03-07,3,113,6.15,-,0
Dayeuhkolot,2024-03-08,8.5,89.1,5.79,-,0
Dayeuhkolot,2024-03-09,0,74.1,5.53,-,0
Dayeuhkolot,2024-03-10,0,51.6,05.07,-,0
Dayeuhkolot,2024-03-11,0,40,4.78,-,0
Dayeuhkolot,2024-03-12,-,43.4,4.87,-,0
Dayeuhkolot,2024-03-13,9.5,32,4.55,-,0
Dayeuhkolot,2024-03-14,32.5,40.4,4.79,-,0
Dayeuhkolot,2024-03-15,4,97.8,5.93,-,0
Dayeuhkolot,2024-03-16,0,64.2,5.34,-,0
Dayeuhkolot,2024-03-17,-,41.1,4.81,-,0
Dayeuhkolot,2024-03-18,-,34,4.61,-,0
Dayeuhkolot,2024-03-19,-,28.1,4.42,-,0
Dayeuhkolot,2024-03-20,-,23.6,4.24,-,0
Dayeuhkolot,2024-03-21,-,21.1,4.13,-,0
Dayeuhkolot,2024-03-22,0,19.01,04.03,-,0
Dayeuhkolot,2024-03-23,38.5,27.8,4.41,-,0
Dayeuhkolot,2024-03-24,1,25.3,4.31,-,0
Dayeuhkolot,2024-03-25,16,34.7,4.63,-,0
Dayeuhkolot,2024-03-26,0,26.8,4.37,-,0
Dayeuhkolot,2024-03-27,7,26.3,4.35,-,0
Dayeuhkolot,2024-03-28,12,28.9,4.45,-,0
Dayeuhkolot,2024-03-29,-,30.8,4.51,-,0
Dayeuhkolot,2024-03-30,-,31.1,4.52,-,0
Dayeuhkolot,2024-03-31,-,25.3,4.31,-,0
Dayeuhkolot,2024-04-01,6.5,20.9,4.12,-,0
Dayeuhkolot,2024-04-02,14.5,36.1,4.67,-,0
Dayeuhkolot,2024-04-03,5,23.4,4.23,-,0
Dayeuhkolot,2024-04-04,-,52.5,05.09,-,0
Dayeuhkolot,2024-04-05,-,28.9,4.45,-,1
Dayeuhkolot,2024-04-06,-,32.7,4.57,-,0
Dayeuhkolot,2024-04-07,-,26.3,4.35,-,0
Dayeuhkolot,2024-04-08,3,26.3,4.35,-,0
Dayeuhkolot,2024-04-09,-,34.3,4.62,-,0
Dayeuhkolot,2024-04-10,24,36.1,4.67,-,0
Dayeuhkolot,2024-04-11,12,42.3,4.84,-,0
Dayeuhkolot,2024-04-12,8,102,5.99,-,0
Dayeuhkolot,2024-04-13,-,79.1,5.62,-,0
Dayeuhkolot,2024-04-14,8.5,71.4,5.48,-,0
Dayeuhkolot,2024-04-15,-,76.3,5.57,-,0
Dayeuhkolot,2024-04-16,-,37.5,4.71,-,0
Dayeuhkolot,2024-04-17,-,27.3,4.39,-,0
Dayeuhkolot,2024-04-18,-,23.6,4.24,-,0
Dayeuhkolot,2024-04-19,25,24.3,4.27,-,0
Dayeuhkolot,2024-04-20,-,23.4,4.23,-,0
Dayeuhkolot,2024-04-21,8,29.4,4.47,-,0
Dayeuhkolot,2024-04-22,1,56.1,5.17,-,0
Dayeuhkolot,2024-04-23,1,36.8,4.69,-,0
Dayeuhkolot,2024-04-24,23.5,40.4,4.79,-,0
Dayeuhkolot,2024-04-25,27.5,36.4,4.68,-,0
Dayeuhkolot,2024-04-26,-,74.6,5.54,-,0
Dayeuhkolot,2024-04-27,-,38.5,4.74,-,0
Dayeuhkolot,2024-04-28,-,32,4.55,-,0
Dayeuhkolot,2024-04-29,-,28.6,4.44,-,0
Dayeuhkolot,2024-04-30,34.5,25.3,4.31,-,0
Dayeuhkolot,2024-05-01,-,25.3,4.31,-,0
Dayeuhkolot,2024-05-02,-,21.6,4.15,-,0
Dayeuhkolot,2024-05-03,-,19.07,04.06,-,0
Dayeuhkolot,2024-05-04,25,26.8,4.37,-,0
Dayeuhkolot,2024-05-05,2,26.8,4.37,-,0
Dayeuhkolot,2024-05-06,-,20.5,4.10,-,0
Dayeuhkolot,2024-05-07,-,18.5,4.00,-,0
Dayeuhkolot,2024-05-08,7.5,18.1,3.98,-,0
Dayeuhkolot,2024-05-09,0.5,25.8,4.33,-,0
Dayeuhkolot,2024-05-10,15.5,17.9,3.97,-,0
Dayeuhkolot,2024-05-11,-,17.9,3.97,-,0
Dayeuhkolot,2024-05-12,-,15.6,3.84,-,0
Dayeuhkolot,2024-05-13,-,15.6,3.84,-,0
Dayeuhkolot,2024-05-14,-,15.1,3.81,-,0
Dayeuhkolot,2024-05-15,-,15.7,3.85,-,0
Dayeuhkolot,2024-05-16,-,14.4,3.77,-,0
Dayeuhkolot,2024-05-17,-,13.6,3.72,-,0
Dayeuhkolot,2024-05-18,-,15.6,3.84,-,0
Dayeuhkolot,2024-05-19,-,12.9,3.67,-,0
Dayeuhkolot,2024-05-20,-,10.7,3.51,-,0
Dayeuhkolot,2024-05-21,-,12.6,3.65,-,0
Dayeuhkolot,2024-05-22,-,11.6,3.58,-,0
Dayeuhkolot,2024-05-23,1,12.2,3.62,-,0
Dayeuhkolot,2024-05-24,32,36.1,4.67,-,0
Dayeuhkolot,2024-05-25,-,84.3,5.71,-,0
Dayeuhkolot,2024-05-26,-,41.9,4.83,-,0
Dayeuhkolot,2024-05-27,0.5,25.3,4.31,-,0
Dayeuhkolot,2024-05-28,-,20.9,4.12,-,0
Dayeuhkolot,2024-05-29,-,15.7,3.85,-,0
Dayeuhkolot,2024-05-30,-,17.2,3.93,-,0
Dayeuhkolot,2024-05-31,-,17.5,3.95,-,0
Dayeuhkolot,2024-06-01,-,14.6,3.78,-,0
Dayeuhkolot,2024-06-02,-,14.1,3.75,-,0
Dayeuhkolot,2024-06-03,21.5,21.3,4.14,-,0
Dayeuhkolot,2024-06-04,-,20.01,04.08,-,0
Dayeuhkolot,2024-06-05,0,14.3,3.76,-,0
Dayeuhkolot,2024-06-06,-,14.1,3.75,-,0
Dayeuhkolot,2024-06-07,-,12.6,3.65,-,0
Dayeuhkolot,2024-06-08,-,14.4,3.77,-,0
Dayeuhkolot,2024-06-09,0,14.6,3.78,-,0
Dayeuhkolot,2024-06-10,-,13.5,3.71,-,0
Dayeuhkolot,2024-06-11,9,15.4,3.83,-,0
Dayeuhkolot,2024-06-12,0.5,17.9,3.97,-,0
Dayeuhkolot,2024-06-13,-,24.1,4.26,-,0
Dayeuhkolot,2024-06-14,-,18.1,3.98,-,0
Dayeuhkolot,2024-06-15,-,24.3,4.27,-,0
Dayeuhkolot,2024-06-16,-,22.4,4.19,-,0
Dayeuhkolot,2024-06-17,-,15.1,3.81,-,0
Dayeuhkolot,2024-06-18,-,12.9,3.67,-,0
Dayeuhkolot,2024-06-19,-,13.6,3.72,-,0
Dayeuhkolot,2024-06-20,-,12.6,3.65,-,0
Dayeuhkolot,2024-06-21,-,11.1,3.54,-,0
Dayeuhkolot,2024-06-22,-,10.7,3.51,-,0
Dayeuhkolot,2024-06-23,-,10.8,3.52,-,0
Dayeuhkolot,2024-06-24,-,9.81,3.44,-,0
Dayeuhkolot,2024-06-25,16,10.2,3.47,-,0
Dayeuhkolot,2024-06-26,32,20.9,4.12,-,0
Dayeuhkolot,2024-06-27,-,12.3,3.63,-,0
Dayeuhkolot,2024-06-28,36.5,20.7,4.11,-,0
Dayeuhkolot,2024-06-29,46,25.8,4.33,-,0
Dayeuhkolot,2024-06-30,-,101,5.98,-,0
Dayeuhkolot,2024-07-01,14.5,34.7,4.63,-,0
Dayeuhkolot,2024-07-02,12,28.1,4.42,-,0
Dayeuhkolot,2024-07-03,-,19.03,04.04,-,0
Dayeuhkolot,2024-07-04,1,16.1,3.87,-,0
Dayeuhkolot,2024-07-05,5.5,18.1,3.98,-,0
Dayeuhkolot,2024-07-06,5.5,15.2,3.82,-,0
Dayeuhkolot,2024-07-07,18,30,4.49,-,0
Dayeuhkolot,2024-07-08,10,16.6 *,3.90,-,0
Dayeuhkolot,2024-07-09,9,14.3,3.76,-,0
Dayeuhkolot,2024-07-10,-,15.9,3.86,-,0
Dayeuhkolot,2024-07-11,-,14.1,3.75,-,0
Dayeuhkolot,2024-07-12,-,12.6,3.65,-,0
Dayeuhkolot,2024-07-13,-,11.3,3.56,-,0
Dayeuhkolot,2024-07-14,-,10.4,3.49,-,0
Dayeuhkolot,2024-07-15,-,10.3,3.48,-,0
Dayeuhkolot,2024-07-16,-,9.46,3.41,-,0
Dayeuhkolot,2024-07-17,-,9.46,3.41,-,0
Dayeuhkolot,2024-07-18,8,10.2,3.47,-,0
Dayeuhkolot,2024-07-19,-,10.2,3.47,-,0
Dayeuhkolot,2024-07-20,-,9.81,3.44,-,0
Dayeuhkolot,2024-07-21,-,9.46,3.41,-,0
Dayeuhkolot,2024-07-22,-,9.11,3.38,-,0
Dayeuhkolot,2024-07-23,-,8.67,3.34,-,0
Dayeuhkolot,2024-07-24,-,9,3.37,-,0
Dayeuhkolot,2024-07-25,-,8.56,3.33,-,0
Dayeuhkolot,2024-07-26,-,8.78,3.35,-,0
Dayeuhkolot,2024-07-27,-,8.24,3.30,-,0
Dayeuhkolot,2024-07-28,-,8.14,3.29,-,0
Dayeuhkolot,2024-07-29,-,08.03,3.28,-,0
Dayeuhkolot,2024-07-30,-,8.35,3.31,-,0
Dayeuhkolot,2024-07-31,-,8.35,3.31,-,0
Dayeuhkolot,2024-08-01,-,8.24,3.30,-,0
Dayeuhkolot,2024-08-02,25.5,8.14,3.29,-,0
Dayeuhkolot,2024-08-03,1,15.2,3.82,-,0
Dayeuhkolot,2024-08-04,-,12.6,3.65,-,1
Dayeuhkolot,2024-08-05,-,10.2,3.47,-,0
Dayeuhkolot,2024-08-06,-,8.78,3.35,-,0
Dayeuhkolot,2024-08-07,-,8.67,3.34,-,0
Dayeuhkolot,2024-08-08,-,8.14,3.29,-,0
Dayeuhkolot,2024-08-09,-,8.14,3.29,-,0
Dayeuhkolot,2024-08-10,-,7.93,3.27,-,0
Dayeuhkolot,2024-08-11,-,7.63,3.24,-,0
Dayeuhkolot,2024-08-12,-,7.93,3.27,-,0
Dayeuhkolot,2024-08-13,-,7.63,3.24,-,0
Dayeuhkolot,2024-08-14,-,7.63,3.24,-,0
Dayeuhkolot,2024-08-15,-,7.53,3.23,-,0
Dayeuhkolot,2024-08-16,-,7.15,3.19,-,0
Dayeuhkolot,2024-08-17,-,7.24,3.20,-,0
Dayeuhkolot,2024-08-18,-,7.24,3.20,-,0
Dayeuhkolot,2024-08-19,-,7.24,3.20,-,0
Dayeuhkolot,2024-08-20,-,6.96,3.17,-,0
Dayeuhkolot,2024-08-21,-,6.96,3.17,-,0
Dayeuhkolot,2024-08-22,-,6.96,3.17,-,0
Dayeuhkolot,2024-08-23,-,6.96,3.17,-,0
Dayeuhkolot,2024-08-24,-,6.6,3.13,-,0
Dayeuhkolot,2024-08-25,-,6.43,3.11,-,0
Dayeuhkolot,2024-08-26,-,6.6,3.13,-,0
Dayeuhkolot,2024-08-27,-,6.96,3.17,-,0
Dayeuhkolot,2024-08-28,-,6.51,3.12,-,0
Dayeuhkolot,2024-08-29,-,6.34,3.10,-,0
Dayeuhkolot,2024-08-30,-,6.51,3.12,-,0
Dayeuhkolot,2024-08-31,-,6.34,3.10,-,0
Dayeuhkolot,2024-09-01,-,6.34,3.10,-,0
Dayeuhkolot,2024-09-02,-,6.51,03.12,-,0
Dayeuhkolot,2024-09-03,-,6.26,3.9,-,0
Dayeuhkolot,2024-09-04,-,6.43,3.11,-,0
Dayeuhkolot,2024-09-05,-,7.15,3.19,-,0
Dayeuhkolot,2024-09-06,-,6.34,3.10,-,0
Dayeuhkolot,2024-09-07,-,6.6,3.13,-,0
Dayeuhkolot,2024-09-08,-,6.43,3.11,-,0
Dayeuhkolot,2024-09-09,8,6.6,3.13,-,0
Dayeuhkolot,2024-09-10,68,19.05,04.05,-,0
Dayeuhkolot,2024-09-11,1,173,6.89,-,1
Dayeuhkolot,2024-09-12,-,40.7,4.80,-,0
Dayeuhkolot,2024-09-13,-,19.09,04.07,-,0
Dayeuhkolot,2024-09-14,-,13.3,3.70,-,0
Dayeuhkolot,2024-09-15,-,11.1,3.54,-,0
Dayeuhkolot,2024-09-16,-,9.46,3.41,-,0
Dayeuhkolot,2024-09-17,-,9.11,3.38,-,0
Dayeuhkolot,2024-09-18,-,8.67,3.34,-,0
Dayeuhkolot,2024-09-19,-,7.73,3.25,-,0
Dayeuhkolot,2024-09-20,-,7.63,3.24,-,0
Dayeuhkolot,2024-09-21,-,7.63,3.24,-,0
Dayeuhkolot,2024-09-22,-,07.06,3.18,-,0
Dayeuhkolot,2024-09-23,7.5,11.7,3.59,-,0
Dayeuhkolot,2024-09-24,7.5,15.9,3.86,-,0
Dayeuhkolot,2024-09-25,24,23.1,4.22,-,0
Dayeuhkolot,2024-09-26,4,28.9,4.45,-,0
Dayeuhkolot,2024-09-27,-,26.8,4.37,-,0
Dayeuhkolot,2024-09-28,-,23.1,4.22,-,0
Dayeuhkolot,2024-09-29,-,25.3,4.31,-,0
Dayeuhkolot,2024-09-30,-,13.8,3.73,-,0
Dayeuhkolot,2024-10-01,3,11.5,3.57,-,0
Dayeuhkolot,2024-10-02,-,11.3,3.56,-,0
Dayeuhkolot,2024-10-03,-,11.6,3.58,-,0
Dayeuhkolot,2024-10-04,-,10.3,3.48,-,0
Dayeuhkolot,2024-10-05,8.5,9.81,3.44,-,0
Dayeuhkolot,2024-10-06,-,9,3.37,-,0
Dayeuhkolot,2024-10-07,-,8.35,3.31,-,0
Dayeuhkolot,2024-10-08,-,7.93,3.27,-,0
Dayeuhkolot,2024-10-09,-,7.15,3.19,-,0
Dayeuhkolot,2024-10-10,-,7.53,3.23,-,0
Dayeuhkolot,2024-10-11,-,8.56,3.33,-,0
Dayeuhkolot,2024-10-12,-,08.03,3.28,-,0
Dayeuhkolot,2024-10-13,-,7.93,3.27,-,0
Dayeuhkolot,2024-10-14,-,7.93,3.27,-,0
Dayeuhkolot,2024-10-15,-,8.14,3.29,-,0
Dayeuhkolot,2024-10-16,-,7.63,3.24,-,0
Dayeuhkolot,2024-10-17,-,7.34,3.21,-,0
Dayeuhkolot,2024-10-18,-,7.34,3.21,-,0
Dayeuhkolot,2024-10-19,-,08.03,3.28,-,0
Dayeuhkolot,2024-10-20,-,7.53,3.23,-,0
Dayeuhkolot,2024-10-21,-,7.53,3.23,-,0
Dayeuhkolot,2024-10-22,4.5,7.93,3.27,-,0
Dayeuhkolot,2024-10-23,-,12.6,3.65,-,0
Dayeuhkolot,2024-10-24,30,15.7,3.85,-,0
Dayeuhkolot,2024-10-25,7.5,12,3.61,-,0
Dayeuhkolot,2024-10-26,-,10.7,3.51,-,0
Dayeuhkolot,2024-10-27,0,11.2,3.55,-,0
Dayeuhkolot,2024-10-28,-,12.7,3.66,-,0
Dayeuhkolot,2024-10-29,-,9.69,3.43,-,0
Dayeuhkolot,2024-10-30,-,8.45,3.32,-,0
Dayeuhkolot,2024-10-31,-,8.35,3.31,-,0
Dayeuhkolot,2024-11-01,16.5,10.9,3.53,-,0
Dayeuhkolot,2024-11-02,31,22.9,4.21,-,0
Dayeuhkolot,2024-11-03,35,18.3,3.99,-,0
Dayeuhkolot,2024-11-04,14,38.9,4.75,-,0
Dayeuhkolot,2024-11-05,13,27.8,4.41,-,0
Dayeuhkolot,2024-11-06,-,27.3,4.39,-,0
Dayeuhkolot,2024-11-07,47.5,15.2,3.82,-,0
Dayeuhkolot,2024-11-08,3,16.1,3.87,-,0
Dayeuhkolot,2024-11-09,0,18.07,04.01,-,0
Dayeuhkolot,2024-11-10,16,40.4,4.79,-,0
Dayeuhkolot,2024-11-11,43,92.1,5.84,-,0
Dayeuhkolot,2024-11-12,1.5,86,5.74,-,0
Dayeuhkolot,2024-11-13,-,53,5.10,-,0
Dayeuhkolot,2024-11-14,-,22.2,4.18,-,0
Dayeuhkolot,2024-11-15,-,16.6,3.90,-,0
Dayeuhkolot,2024-11-16,17,17.3,3.94,-,0
Dayeuhkolot,2024-11-17,10,25.8,4.33,-,0
Dayeuhkolot,2024-11-18,16,43.4,4.87,-,0
Dayeuhkolot,2024-11-19,38,77.4,5.59,-,1
Dayeuhkolot,2024-11-20,22,106,06.06,-,0
Dayeuhkolot,2024-11-21,12.5,142,6.54,-,1
Dayeuhkolot,2024-11-22,50,149,6.62,-,0
Dayeuhkolot,2024-11-23,15,192,07.09,-,0
Dayeuhkolot,2024-11-24,7,133,6.42,-,0
Dayeuhkolot,2024-11-25,5,106,06.05,-,0
Dayeuhkolot,2024-11-26,2.5,111,6.13,-,0
Dayeuhkolot,2024-11-27,6.5,113,6.15,-,0
Dayeuhkolot,2024-11-28,30.5,136,6.46,-,0
Dayeuhkolot,2024-11-29,-,132,6.41,-,0
Dayeuhkolot,2024-11-30,6,91.5,5.83,-,0
Dayeuhkolot,2024-12-01,27.5,83.1,5.69,-,0
Dayeuhkolot,2024-12-02,0,103,06.01,-,0
Dayeuhkolot,2024-12-03,14,58.9,5.23,-,0
Dayeuhkolot,2024-12-04,5.5,84.9,5.72,-,0
Dayeuhkolot,2024-12-05,9.5,66.7,5.39,-,0
Dayeuhkolot,2024-12-06,1.5,74.1,5.53,-,0
Dayeuhkolot,2024-12-07,-,45,4.91,-,0
Dayeuhkolot,2024-12-08,0,37.8,4.72,-,0
Dayeuhkolot,2024-12-09,0,40.4,4.79,-,0
Dayeuhkolot,2024-12-10,1.5,36.1,4.67,-,0
Dayeuhkolot,2024-12-11,0,27.6,4.40,-,0
Dayeuhkolot,2024-12-12,-,23.1,4.22,-,0
Dayeuhkolot,2024-12-13,0,19.05,04.05,-,0
Dayeuhkolot,2024-12-14,04.05,18.07,04.01,-,0
Dayeuhkolot,2024-12-15,6,20.03,04.09,-,0
Dayeuhkolot,2024-12-16,0,19.9,4.7,-,0
Dayeuhkolot,2024-12-17,9.5,20.7,4.11,-,0
Dayeuhkolot,2024-12-18,12.5,20.9,4.12,-,0
Dayeuhkolot,2024-12-19,0,25,4.30,-,0
Dayeuhkolot,2024-12-20,0,21.6,4.15,-,0
Dayeuhkolot,2024-12-21,0,19.05,04.05,-,0
Dayeuhkolot,2024-12-22,-,14.7,3.79,-,0
Dayeuhkolot,2024-12-23,-,17.5,3.95,-,0
Dayeuhkolot,2024-12-24,7.5,18.9,4.2,-,0
Dayeuhkolot,2024-12-25,12,20.5,4.10,-,0
Dayeuhkolot,2024-12-26,-,35.4,4.65,-,0
Dayeuhkolot,2024-12-27,0,20.9,4.12,-,0
Dayeuhkolot,2024-12-28,-,17.9,3.97,-,0
Dayeuhkolot,2024-12-29,-,16.1,3.87,-,0
Dayeuhkolot,2024-12-30,0,15.4,3.83,-,0
Dayeuhkolot,2024-12-31,0,14.6,3.78,-,0